0,134.449294
0.2838934,134.44631
0.5718893,134.444632
0.8559945,134.443327
1.1518906,134.442954
1.4439836,134.442842
1.7399883,134.443513
2.0319991,134.444446
2.3240005,134.446609
2.6160098,134.447802
2.892016,134.450152
3.1719941,134.450935
3.4639358,134.451905
3.7519833,134.453956
4.0438917,134.455224
4.3520065,134.457723
4.6399941,134.4575
4.9120145,134.45653
5.1919942,134.456008
5.491922,134.455075
5.7839863,134.452241
6.0560123,134.45101
6.3320134,134.449667
6.6240002,134.449108
6.9200165,134.448623
7.2200107,134.44907
7.5120108,134.449294
7.8039835,134.450413
8.0758978,134.451607
8.3919988,134.454553
8.6919616,134.456082
8.9718861,134.459588
9.2718862,134.462012
9.5440068,134.464325
9.8520003,134.468502
10.1319972,134.470143
10.424013,134.472381
10.7240004,134.472791
11.0119966,134.472567
11.3000107,134.472605
11.5760111,134.47294
11.8639614,134.471784
12.1358781,134.470964
12.428008,134.469845
12.716009,134.469285
12.9959954,134.470815
13.304012,134.46839
13.5760041,134.468838
13.8519387,134.468502
14.143999,134.467943
14.4440144,134.467159
14.7320077,134.466339
15.0158807,134.465108
15.3038739,134.460371
15.5879963,134.458618
15.8639966,134.455709
16.1559446,134.453509
16.4478793,134.449928
16.7239379,134.448213
17.0319421,134.447094
17.32399,134.44687
17.6239927,134.445415
17.8959893,134.439858
18.1758762,134.437434
18.4640067,134.434637
18.7463773,134.433779
19.0564238,134.43348
19.3464213,134.433182
19.636287,134.433219
19.9164161,134.433704
20.1863475,134.433853
20.4663897,134.433779
20.7564204,134.433368
21.0363928,134.432399
21.3263562,134.430012
21.6162852,134.429415
21.8962876,134.430235
22.1764046,134.431205
22.4564025,134.432175
22.736407,134.433518
23.0264067,134.434413
23.3063858,134.435793
23.5963867,134.436128
23.8864055,134.43624
24.1863945,134.43624
24.4663721,134.436613
24.7664161,134.438031
25.046283,134.439
25.3363678,134.440716
25.6263593,134.441611
25.906279,134.44217
26.1963678,134.442432
26.4863621,134.442245
26.7863605,134.44176
27.0562773,134.441238
27.3363564,134.440604
27.6263523,134.439597
27.8963533,134.438888
28.1762761,134.437844
28.4663543,134.436203
28.749612,134.435196
29.0400121,134.433294
29.3105079,134.432026
29.6105836,134.429937
29.8905945,134.429117
30.160506,134.428408
30.4405879,134.427326
30.7218894,134.427065
31.0019409,134.427028
31.2819316,134.426692
31.5819662,134.426245
31.8718959,134.425872
32.1519195,134.425685
32.43182,134.426245
32.721962,134.425946
33.0318233,134.424417
33.3019477,134.423559
33.5919424,134.423298
33.891944,134.422627
34.1718321,134.422329
34.4719514,134.421694
34.7719531,134.421172
35.0419167,134.420538
35.3319373,134.418599
35.6118939,134.416324
35.8919288,134.371679
36.1819341,134.353665
36.4618163,134.351763
36.7719434,133.918746
37.0519535,133.247662
37.3419464,131.872525
37.6119515,131.179735
37.8819457,130.106143
38.1619599,129.69308
38.431943,129.485634
38.7219449,129.215306
39.011938,128.929575
39.3019393,128.159505
39.6019292,127.856841
39.8719442,127.624705
40.1519472,127.144022
40.4419266,126.798727
40.7319612,126.283806
41.0219494,126.036975
41.311823,125.662104
41.5919311,125.484757
41.8819454,125.284249
42.1819454,124.94563
42.4619429,124.893638
42.7519189,124.828033
43.0419461,124.818187
43.331924,124.817404
43.6119505,124.817739
43.8819418,124.816024
44.1819339,124.811734
44.461929,124.809608
44.7519456,124.781076
45.0419358,124.75329
45.3219209,124.726474
45.6219428,124.682836
45.9118046,124.659339
46.2119294,124.602014
46.5018065,124.573817
46.801902,124.530404
47.0919434,124.514739
47.3719326,124.492473
47.6819351,124.484081
47.9719345,124.470207
48.2419284,124.465134
48.5319385,124.460136
48.8219378,124.448612
49.1118046,124.442085
49.3919305,124.428583
49.6919304,124.421795
49.9919178,124.407212
50.2519382,124.399641
50.5419279,124.391995
50.8219404,124.377412
51.101931,124.370437
51.3819361,124.363649
51.6719413,124.350297
51.9419229,124.344329
52.2218884,124.328814
52.5118041,124.32542
52.7919351,124.322809
53.0718901,124.319341
53.3419243,124.317849
53.6419118,124.313112
53.9219381,124.309979
54.2219131,124.305914
54.4919307,124.29741
54.7819167,124.293345
55.0619326,124.285997
55.3317936,124.283461
55.6319236,124.281037
55.9417973,124.277531
56.2219377,124.275666
56.511912,124.271489
56.801925,124.269922
57.0819397,124.268132
57.3719254,124.265708
57.6619266,124.264812
57.9519196,124.263917
58.2419278,124.263656
58.5319114,124.262612
58.8318954,124.26209
59.1319378,124.260001
59.4218382,124.258845
59.7217967,124.256048
60.0218756,124.254295
60.3119256,124.251013
60.6219054,124.249819
60.9519141,124.247507
61.2319351,124.246686
61.5019108,124.24594
61.8119345,124.246089
62.0919142,124.246873
62.3819045,124.248476
62.6719097,124.249409
62.9517905,124.251311
63.2418891,124.252542
63.5119175,124.253623
63.8218925,124.255861
64.0919282,124.256495
64.3719233,124.257278
64.6617854,124.257651
64.9318289,124.257651
65.211785,124.257092
65.4817848,124.256533
65.7817868,124.255675
66.0618989,124.2556
66.3318623,124.25519
66.6418991,124.25463
66.9318827,124.254668
67.2219016,124.255339
67.5019036,124.255749
67.8019183,124.256719
68.0819116,124.257241
68.361896,124.25739
68.6619093,124.25933
68.9519258,124.259815
69.2418999,124.260747
69.541885,124.261568
69.8519092,124.262463
70.1218823,124.262761
70.3918501,124.263209
70.6919103,124.26388
70.9819106,124.263917
71.2719149,124.264029
71.5518998,124.263619
71.8219237,124.26347
72.1219116,124.262836
72.4019174,124.262537
72.7018834,124.262015
72.9819107,124.261717
73.27192,124.260934
73.5519301,124.260971
73.8719116,124.260449
74.1619092,124.260076
74.4418901,124.259815
74.7518945,124.259554
75.0719047,124.25892
75.3519052,124.25892
75.6319018,124.258733
75.9318774,124.258733
76.2119068,124.258509
76.5018992,124.258472
76.7918999,124.258472
77.0819103,124.258174
77.3618973,124.25795
77.6419061,124.257689
77.9419079,124.258062
78.2219025,124.258099
78.5219171,124.257726
78.8119181,124.257726
79.0818823,124.257689
79.3819132,124.25754
79.7119098,124.257801
79.9819062,124.25754
80.2618919,124.257092
80.5518908,124.257353
80.8418985,124.256943
81.1317689,124.256906
81.421907,124.256682
81.7019099,124.25657
82.0018934,124.25601
82.2719135,124.255899
82.5719014,124.2556
82.8618859,124.255302
83.1618969,124.25478
83.4519025,124.25463
83.7418978,124.254034
84.0319009,124.253586
84.3119055,124.253623
84.6118995,124.252504
84.901869,124.252281
85.1919001,124.251572
85.4619033,124.251497
85.7518906,124.251386
86.0518972,124.251087
86.3318912,124.250975
86.6219127,124.250229
86.9318985,124.249894
87.2318898,124.249372
87.5218883,124.249036
87.8418927,124.248924
88.1118873,124.248439
88.3819078,124.248551
88.6818846,124.248103
88.9618888,124.247917
89.2519115,124.247619
89.5418361,124.247208
89.8518929,124.246723
90.1417638,124.246388
90.4318936,124.246089
90.7418358,124.246052
91.0317599,124.245605
91.3118864,124.244859
91.6018924,124.244859
91.9218961,124.244598
92.2018878,124.244374
92.4918995,124.244038
92.7818742,124.243702
93.0717661,124.243255
93.3518961,124.243143
93.6319011,124.243143
93.9318869,124.242882
94.2218995,124.242658
94.5218843,124.242099
94.8218704,124.242099
95.1218907,124.242173
95.4119013,124.2418
95.7218853,124.241576
96.0118911,124.241502
96.3118772,124.241092
96.611891,124.240868
96.8918908,124.240569
97.1918902,124.240532
97.4718824,124.240234
97.7718855,124.240197
98.06189,124.239973
98.3818694,124.240122
98.6818824,124.239786
98.98191,124.239488
99.2618663,124.239376
99.5418754,124.238742
99.8618846,124.238667
100.1817579,124.238294
100.4618947,124.238108
100.7918912,124.237996
101.0918813,124.237884
101.3718719,124.237474
101.6718628,124.237325
101.9418939,124.23725
102.2518798,124.236952
102.5418654,124.23684
102.861754,124.23628
103.1418684,124.236168
103.4218928,124.235907
103.7318546,124.235721
104.0518756,124.235758
104.3418801,124.235236
104.6318842,124.234863
104.9418868,124.234192
105.2718708,124.234154
105.5518786,124.23408
105.8718712,124.233259
106.1618864,124.23311
106.471865,124.232774
106.7618824,124.232924
107.0718818,124.232327
107.351882,124.231842
107.6718821,124.231618
107.9618728,124.231469
108.2418793,124.231171
108.5518696,124.230462
108.8818678,124.230313
109.1618777,124.230313
109.4818597,124.22994
109.7618788,124.229641
110.0518683,124.229753
110.361863,124.229455
110.6621193,124.229119
110.9821321,124.228523
111.2623692,124.228299
111.5823595,124.228411
111.8623573,124.228224
112.1823487,124.227926
112.5022347,124.227702
112.7923351,124.227665
113.1223616,124.227739
113.4023438,124.227665
113.7223685,124.227441
114.0023539,124.227553
114.2923663,124.22759
114.6023554,124.227702
114.9223636,124.227627
115.2123674,124.227665
115.5323365,124.227366
115.8223369,124.227404
116.1322309,124.227366
116.4223768,124.227404
116.7322339,124.227665
117.0223525,124.227814
117.3523637,124.227702
117.6323654,124.227665
117.9123745,124.227814
118.2122307,124.227963
118.4923605,124.228075
118.7923452,124.228187
119.0823662,124.228187
119.3622281,124.22856
119.6423739,124.228373
119.9223296,124.228634
120.212339,124.228709
120.4923726,124.228411
120.7723122,124.228784
121.0623685,124.229007
121.3723502,124.229082
121.6723582,124.229455
121.9623466,124.229306
122.2523613,124.229306
122.5422271,124.229641
122.8223591,124.229716
123.1023485,124.229753
123.4023523,124.230089
123.6923473,124.22994
123.9723532,124.229977
124.2623806,124.230164
124.5423411,124.230089
124.8223003,124.230126
125.1123511,124.230313
125.4223326,124.230201
125.702342,124.230387
125.982355,124.230537
126.2922206,124.23076
126.5823529,124.230648
126.8523584,124.230798
127.1623462,124.230499
127.4523559,124.230686
127.7423441,124.230611
128.0123475,124.230686
128.302358,124.230574
128.5823638,124.23076
128.8723566,124.230686
129.1623558,124.230499
129.4423641,124.230462
129.7423564,124.23035
130.0323481,124.23035
130.3223492,124.230462
130.6123564,124.230238
130.902332,124.230238
131.222344,124.230313
131.4923413,124.230238
131.7923519,124.230089
132.0723605,124.22994
132.3523489,124.229567
132.6322179,124.22953
132.9023492,124.229641
133.1923351,124.229679
133.4823217,124.229492
133.7723485,124.229007
134.0523339,124.229119
134.3423288,124.228821
134.6523538,124.22897
134.9223535,124.228784
135.2123392,124.228112
135.4923407,124.228299
135.7923409,124.228075
136.0823499,124.227777
136.3723486,124.227627
136.662275,124.227777
136.9423401,124.227814
137.2323206,124.227254
137.5123416,124.227217
137.812319,124.22662
138.1023409,124.226658
138.4023309,124.226956
138.702344,124.226509
138.9623366,124.226434
139.2723313,124.226322
139.5422102,124.226434
139.8422102,124.226173
140.1323387,124.225837
140.4223411,124.225763
140.7123344,124.225725
140.9923593,124.225464
141.3023418,124.224942
141.582323,124.224756
141.8623341,124.225017
142.1523227,124.225017
142.4423441,124.224867
142.722207,124.224495
143.0022066,124.224532
143.3023419,124.223935
143.582333,124.22386
143.8823431,124.224233
144.1623244,124.224122
144.4523399,124.223972
144.7423471,124.223637
145.0223362,124.223562
145.3123254,124.22345
145.6123372,124.223115
145.8923591,124.223338
146.1823293,124.223301
146.4623335,124.22304
146.762335,124.222853
147.0423462,124.223003
147.3323172,124.223003
147.6323526,124.222816
147.9423365,124.222779
148.2223122,124.222704
148.5123509,124.222369
148.8023277,124.222406
149.082273,124.222443
149.3821989,124.222518
149.6723352,124.222331
149.9623293,124.222592
150.2423324,124.222779
150.5123383,124.222555
150.8323287,124.222331
151.1423235,124.222108
151.4123339,124.222294
151.7123267,124.222219
151.9923463,124.222294
152.3023298,124.222331
152.6023389,124.222033
152.8923434,124.222145
153.1923361,124.222033
153.4723233,124.222145
153.7523122,124.221996
154.0423334,124.222443
154.3323184,124.222369
154.6423266,124.222182
154.9423303,124.222219
155.2423218,124.222257
155.5223367,124.222182
155.8223155,124.221958
156.1023176,124.222145
156.3822913,124.222219
156.6723156,124.221958
156.9623285,124.222108
157.2523313,124.221996
157.5223161,124.222033
157.8223246,124.222033
158.1023056,124.222145
158.4023428,124.222182
158.7023154,124.221958
158.9823262,124.222182
159.2722225,124.222182
159.5523061,124.221921
159.852323,124.222108
160.1423162,124.222033
160.4222988,124.221884
160.7123257,124.221846
161.0023066,124.221884
161.2923125,124.222182
161.5823147,124.222033
161.8723095,124.222219
162.1623259,124.221884
162.4522624,124.222108
162.7521882,124.221996
163.0423183,124.222033
163.3521915,124.222182
163.6422991,124.222145
163.9423394,124.221958
164.232307,124.222108
164.5023188,124.221921
164.8023161,124.221809
165.0823179,124.221921
165.4223183,124.221772
165.702308,124.221735
165.9923135,124.222033
166.2723249,124.221697
166.5821816,124.221921
166.8822454,124.221958
167.19231,124.221884
167.4623344,124.222033
167.7523105,124.221884
168.0423195,124.221772
168.3223166,124.22166
168.6023161,124.221958
168.9023043,124.221884
169.1723182,124.221884
169.4621819,124.22166
169.7423192,124.221585
170.0121806,124.221585
170.3323114,124.221623
170.6223173,124.22166
170.9223167,124.221809
171.202295,124.221921
171.5023209,124.221548
171.7723128,124.22166
172.0923058,124.221735
172.3722838,124.221436
172.6623096,124.221697
172.9522936,124.221436
173.2421754,124.221287
173.5323102,124.221287
173.8322838,124.221287
174.1223004,124.220951
174.4123108,124.221063
174.7122787,124.220877
174.9922958,124.220802
175.2923007,124.220989
175.5823021,124.220728
175.8621768,124.220616
176.1623051,124.220728
176.4523051,124.220392
176.7423121,124.220429
177.0222803,124.220504
177.3222287,124.22028
177.6222937,124.220317
177.9222402,124.220056
178.2123084,124.220168
178.5323143,124.220019
178.8023014,124.220168
179.0723227,124.220168
179.3623004,124.220131
179.6422984,124.219907
179.9223139,124.219907
180.2323004,124.21987
180.5323145,124.219683
180.8223146,124.219683
181.1022909,124.219534
181.3922997,124.219497
181.6922739,124.219385
181.9922927,124.219683
182.2723077,124.219683
182.5822452,124.219459
182.8622822,124.219497
183.1622812,124.219497
183.4622943,124.219198
183.7722972,124.219049
184.0522579,124.219049
184.322284,124.219049
184.6323017,124.21931
184.922298,124.219348
185.2122975,124.219049
185.5022942,124.219198
185.7923008,124.219012
186.0722898,124.219161
186.3621629,124.219422
186.6621698,124.219161
186.9422779,124.219086
187.2423071,124.219049
187.5322803,124.219049
187.8423257,124.218527
188.1322613,124.218975
188.4023014,124.218863
188.7223011,124.218602
189.0422971,124.218788
189.3122943,124.218713
189.6023052,124.218602
189.8922255,124.218415
190.1722925,124.218341
190.4722975,124.218452
190.7622837,124.218564
191.082264,124.218452
191.3622588,124.218341
191.6722912,124.218303
191.9522833,124.218229
192.2222835,124.218415
192.5222737,124.218117
192.812301,124.218154
193.1022883,124.218154
193.3822846,124.217893
193.6822846,124.217856
193.9823107,124.217968
194.2822984,124.21793
194.6122731,124.218042
194.882278,124.218042
195.1923003,124.218229
195.4822811,124.218154
195.7722882,124.217744
196.0522363,124.217706
196.3521561,124.217781
196.642288,124.217744
196.9122541,124.217818
197.2022624,124.21793
197.4822869,124.217893
197.7822789,124.217818
198.0622709,124.217781
198.3622572,124.217632
198.6522807,124.217706
198.9322789,124.217595
199.2322726,124.217669
199.5222891,124.217632
199.8321498,124.217445
200.1222965,124.217483
200.4222819,124.21752
200.7122928,124.21752
201.0222772,124.217557
201.30229,124.217706
201.6222782,124.217632
201.8922795,124.217706
202.1622756,124.217632
202.4722673,124.217557
202.7822798,124.217371
203.1121481,124.217445
203.4022835,124.217445
203.7022642,124.217259
203.9922808,124.217147
204.2927895,124.217371
204.5827774,124.217371
204.8927906,124.217296
205.1627898,124.217445
205.4727623,124.217259
205.7527899,124.217222
206.0426512,124.217184
206.3426488,124.217259
206.6227891,124.217035
206.9227678,124.217445
207.2127872,124.217184
207.5127533,124.216886
207.8127687,124.217035
208.1227694,124.217296
208.4127698,124.217259
208.7227833,124.216961
209.002775,124.216961
209.3027863,124.216774
209.5827723,124.216774
209.9027752,124.216699
210.1827836,124.216923
210.5027791,124.216662
210.8027803,124.216438
211.1127897,124.216699
211.3827716,124.216476
211.7127616,124.216438
211.9927634,124.216737
212.2827448,124.216588
212.6127628,124.216401
212.9227766,124.216289
213.2127468,124.216252
213.532753,124.215916
213.8127622,124.215842
214.1427602,124.216177
214.4227657,124.215954
214.7126412,124.215991
215.012776,124.215804
215.2927572,124.215692
215.5927599,124.215842
215.8927603,124.215842
216.2127734,124.215991
216.4927765,124.216028
216.8027586,124.215916
217.0727592,124.215767
217.3826897,124.215543
217.6827676,124.215394
218.0027419,124.215469
218.2827823,124.215469
218.572754,124.21517
218.892758,124.214984
219.1727631,124.21517
219.4727647,124.215058
219.7626366,124.214984
220.0927693,124.214797
220.4127553,124.214723
220.7027645,124.214574
221.0126956,124.214723
221.3027515,124.214685
221.6127725,124.214387
221.902773,124.214424
222.1827675,124.214424
222.4827745,124.214201
222.7727689,124.214163
223.0627778,124.214312
223.3527543,124.213977
223.662769,124.214163
223.9527632,124.213977
224.2627469,124.213828
224.5327555,124.213753
224.8227727,124.213865
225.132774,124.213641
225.4627562,124.213604
225.7427694,124.213343
226.062759,124.213305
226.3527652,124.213268
226.642769,124.213231
226.9527625,124.213194
227.2427646,124.213082
227.5727133,124.213044
227.8827453,124.213119
228.152768,124.213194
228.44276,124.213268
228.7627725,124.213082
229.0727535,124.212895
229.3627552,124.213044
229.6927269,124.212671
229.9627264,124.212485
230.2927488,124.212597
230.5927677,124.212522
230.9127597,124.212522
231.1827639,124.212597
231.502728,124.21241
231.802763,124.212224
232.0826244,124.212336
232.3927545,124.212373
232.6826285,124.212485
233.0027605,124.212187
233.3227309,124.212336
233.6127383,124.212336
233.9227576,124.212
234.2127531,124.212037
234.5527686,124.211664
234.8427622,124.211702
235.1627481,124.211963
235.4427461,124.211925
235.7427223,124.211776
236.0327394,124.211963
236.3527559,124.21159
236.6427487,124.211776
236.9527457,124.211851
237.2426199,124.211851
237.5726939,124.211627
237.8527568,124.211702
238.1427395,124.211739
238.4227591,124.21159
238.7027187,124.211366
239.0027612,124.211441
239.2827344,124.211254
239.572745,124.21103
239.8627706,124.210881
240.152758,124.210807
240.4427336,124.21103
240.7227462,124.211142
241.0227378,124.210807
241.3127207,124.210695
241.612748,124.210732
241.9127488,124.210807
242.1927431,124.210993
242.4627311,124.210657
242.742743,124.210434
243.0226849,124.210471
243.3127453,124.210172
243.5927678,124.210322
243.8927439,124.210545
244.1727458,124.210657
244.4527383,124.210508
244.7626266,124.210247
245.0526803,124.210434
245.3428144,124.210284
245.6428171,124.210359
245.9127688,124.210247
246.2026829,124.210023
246.4928052,124.209949
246.7828062,124.2098
247.0728156,124.209576
247.3628206,124.209613
247.642789,124.209538
247.9428088,124.209837
248.2128229,124.209464
248.5028139,124.209538
248.7730587,124.209576
249.0530527,124.209538
249.343075,124.209501
249.632928,124.209277
249.9231449,124.209277
250.2032917,124.208979
250.4933032,124.209128
250.773276,124.20924
251.063276,124.209501
251.3432859,124.209091
251.6432929,124.209054
251.9432714,124.209016
252.2233117,124.208867
252.4933133,124.208867
252.7832863,124.208718
253.0632739,124.208494
253.3532561,124.208904
253.6332908,124.209091
253.9132751,124.208718
254.2032586,124.208718
254.4835545,124.208718
254.7937512,124.208606
255.0837653,124.208606
255.4037803,124.20827
255.6737988,124.208345
255.9537818,124.208158
256.2437776,124.208084
256.5238098,124.208196
256.8237774,124.208158
257.1137611,124.208121
257.4137976,124.208084
257.6938,124.208047
257.9637964,124.208047
258.2637955,124.207897
258.5537812,124.207562
258.833778,124.20786
259.1237265,124.207823
259.4236663,124.207562
259.713793,124.207375
260.0037852,124.207674
260.283785,124.207897
260.5638021,124.207785
260.8537826,124.20745
261.1337758,124.207413
261.4337591,124.207599
261.7237821,124.207636
261.9937922,124.207301
262.293775,124.207226
262.5837857,124.207375
262.8737904,124.207189
263.1637806,124.207226
263.4537956,124.207375
263.743789,124.207263
264.033799,124.207002
264.3138028,124.207077
264.6237888,124.207301
264.9237759,124.207189
265.2237753,124.207077
265.5237704,124.207077
265.8137905,124.207151
266.093771,124.207189
266.3837798,124.207301
266.6737768,124.207002
266.963774,124.20704
267.2437613,124.206853
267.543758,124.206704
267.8338048,124.206592
268.1437736,124.20648
268.4337804,124.206443
268.7237775,124.206629
268.993778,124.206592
269.2837879,124.20689
269.5837732,124.206741
269.8537681,124.206667
270.1437857,124.206331
270.4437648,124.206256
270.743752,124.206331
271.0137829,124.206517
271.2937782,124.20648
271.5837778,124.206406
271.8737446,124.206294
272.173787,124.206107
272.4337742,124.20607
272.7237717,124.206107
273.0037608,124.206107
273.2937678,124.205883
273.6037771,124.206144
273.8837675,124.206107
274.1637785,124.20566
274.4437899,124.205883
274.7336926,124.205809
275.0137769,124.205771
275.2837614,124.205734
275.563793,124.205846
275.8537801,124.205846
276.1437767,124.205697
276.4137765,124.20566
276.7137608,124.205473
276.9837464,124.205436
277.2837715,124.205361
277.5837773,124.20551
277.883642,124.205361
278.1737778,124.205249
278.4637609,124.205249
278.7536397,124.205137
279.0437706,124.205063
279.3437845,124.204951
279.6437631,124.205026
279.9537672,124.204839
280.2437672,124.204988
280.5337732,124.204876
280.8137553,124.204876
281.1137649,124.204727
281.4037804,124.204839
281.7037632,124.204914
281.9836419,124.20469
282.2737686,124.204727
282.563757,124.204951
282.8537649,124.204951
283.1437583,124.204653
283.4437527,124.204503
283.7337698,124.204466
284.0037753,124.204242
284.3137662,124.204503
284.6137628,124.204429
284.9237793,124.204466
285.2136361,124.204466
285.4937624,124.204839
285.7837656,124.20469
286.0637235,124.204242
286.3637388,124.204466
286.6537706,124.204168
286.9436286,124.20413
287.2337364,124.20413
287.5137649,124.204354
287.8137583,124.204168
288.1040146,124.204019
288.4040118,124.204242
288.6939401,124.204093
288.9839918,124.20413
289.2739961,124.204168
289.5740067,124.204429
289.8340096,124.204354
290.1239828,124.204205
290.4140065,124.203869
290.7140107,124.203832
291.0040267,124.203534
291.2840036,124.203534
291.5939828,124.20372
291.8738716,124.203869
292.1540023,124.20372
292.4540165,124.203496
292.7440001,124.203534
293.0439919,124.203981
293.324005,124.203795
293.6240085,124.203459
293.893989,124.203534
294.1639943,124.203534
294.4639921,124.203235
294.7539739,124.203198
295.0439782,124.203608
295.3239768,124.203496
295.6339952,124.203161
295.8939988,124.203161
296.1840071,124.203086
296.493993,124.20331
296.7839969,124.203235
297.084019,124.203161
297.3640057,124.203123
297.6640054,124.203422
297.9540041,124.203086
298.2740042,124.202974
298.5539987,124.203198
298.8338735,124.203384
299.1239952,124.203049
299.4140158,124.203198
299.7139878,124.202825
299.9939979,124.202713
300.2739828,124.202974
300.5739938,124.2029
300.8640018,124.2029
301.1639948,124.202862
301.4540108,124.202601
301.7439791,124.203011
302.0240069,124.203049
302.2939741,124.2029
302.6040002,124.202713
302.8839927,124.202713
303.1739832,124.202862
303.4639982,124.202676
303.7539829,124.202788
304.0339844,124.202862
304.3440018,124.202713
304.6239899,124.202601
304.9040049,124.202788
305.2039983,124.202639
305.4938677,124.202788
305.8039806,124.202788
306.0838584,124.202825
306.3839395,124.202639
306.6639366,124.202601
306.9438916,124.202788
307.2239272,124.20275
307.5142225,124.2029
307.814207,124.202489
308.0944603,124.202489
308.3643751,124.202377
308.6735809,124.202377
308.9543427,124.202564
309.2444033,124.202452
309.5346389,124.20234
309.8346492,124.202303
310.1246708,124.202377
310.4246304,124.202303
310.7146452,124.202303
311.0146421,124.202116
311.3045288,124.202377
311.5746557,124.202266
311.8646315,124.202042
312.1545275,124.202079
312.4447526,124.201818
312.7451115,124.20193
313.0151172,124.202042
313.3050858,124.201967
313.6051145,124.202154
313.9050969,124.20193
314.1849855,124.201818
314.4751157,124.201669
314.7551068,124.201818
315.0350872,124.201781
315.325112,124.20193
315.6151089,124.201781
315.9050997,124.201743
316.1751111,124.201818
316.4551012,124.201706
316.7551174,124.201743
317.0450966,124.201632
317.3351128,124.201594
317.6251078,124.201445
317.9251242,124.201296
318.214983,124.201408
318.5251017,124.201221
318.7951162,124.201221
319.0850948,124.200848
319.3851032,124.200997
319.6751176,124.201072
319.9750915,124.201147
320.2651067,124.200923
320.5651176,124.200699
320.8351165,124.200662
321.1449783,124.200774
321.435116,124.201109
321.7051115,124.201035
321.985121,124.200624
322.2651102,124.200513
322.5950846,124.200699
322.8750983,124.200662
323.1650949,124.200475
323.4351077,124.200662
323.7250895,124.200774
324.0249749,124.200587
324.3151007,124.200438
324.6249758,124.200289
324.905083,124.200363
325.1951254,124.200513
325.4951011,124.200326
325.8050288,124.200252
326.0851015,124.200028
326.3750972,124.20014
326.6751093,124.200177
326.9550853,124.200028
327.2451112,124.199916
327.5250891,124.199879
327.8250987,124.199617
328.1049684,124.199655
328.3751081,124.199692
328.6751103,124.199767
328.9551017,124.199692
329.2451067,124.199617
329.5350979,124.199543
329.815105,124.199506
330.1150997,124.199282
330.3950976,124.199543
330.6951013,124.199133
330.9750923,124.199319
331.2450987,124.199133
331.5550782,124.199244
331.8750996,124.199244
332.1550957,124.198872
332.4251037,124.198909
332.7249605,124.199431
333.0250807,124.199207
333.3250953,124.198872
333.6250976,124.199021
333.9350822,124.198909
334.2149673,124.198536
334.4851065,124.19861
334.7851005,124.19876
335.0650636,124.19876
335.3650933,124.198872
335.6650201,124.198797
335.9851065,124.198387
336.2750935,124.198424
336.5751003,124.198387
336.8450929,124.198312
337.1450809,124.198387
337.4250992,124.198461
337.7550879,124.198051
338.035098,124.198126
338.3050817,124.198424
338.6150822,124.197976
338.9050943,124.198163
339.1950832,124.198349
339.4750828,124.198275
339.7750876,124.198051
340.0550787,124.197976
340.3450845,124.198014
340.6450825,124.197454
340.9250199,124.197641
341.2249596,124.197529
341.5150577,124.197641
341.8150829,124.197678
342.0950941,124.19779
342.3750977,124.197902
342.6851024,124.197566
343.0050946,124.197342
343.2850794,124.197417
343.5750847,124.197492
343.8650886,124.197603
344.1450883,124.197715
344.4450781,124.197492
344.7350781,124.197268
345.0350855,124.197603
345.3050538,124.197678
345.5850847,124.197529
345.8750849,124.197417
346.1550772,124.197305
346.4650797,124.197119
346.7650703,124.197044
347.0350825,124.197492
347.3350247,124.197454
347.6150643,124.197268
347.9050774,124.197454
348.1750835,124.197268
348.4849543,124.197268
348.7750477,124.197193
349.0950747,124.197454
349.3750922,124.197193
349.6450738,124.197081
349.945072,124.196932
350.2250854,124.196932
350.5250826,124.197081
350.825073,124.196969
351.1050736,124.196746
351.3850788,124.196783
351.7050646,124.196783
351.9850707,124.197081
352.2550777,124.196895
352.5750932,124.196969
352.8750839,124.196671
353.1750716,124.196671
353.4550749,124.196485
353.7550664,124.197007
354.0450204,124.196671
354.3050849,124.196559
354.6150777,124.196671
354.9360894,124.196485
355.2160967,124.19641
355.5061305,124.196112
355.8061164,124.196485
356.0860989,124.196522
356.3860985,124.196447
356.6861013,124.196522
356.9860778,124.196149
357.2759791,124.196186
357.5661007,124.196149
357.8461022,124.196074
358.1661118,124.19641
358.4561056,124.195925
358.7461161,124.195888
359.0360969,124.196112
359.3161077,124.196223
359.616071,124.196
359.8960976,124.196
360.1961072,124.195776
360.4862277,124.195739
360.7963571,124.19585
361.0766061,124.196037
361.3966122,124.19585
361.6866169,124.195701
362.0065992,124.195739
362.2766272,124.195552
362.6065631,124.195403
362.8966133,124.195478
363.2065869,124.19544
363.4766197,124.195216
363.7666008,124.195328
364.0566123,124.195627
364.3265966,124.195254
364.6265978,124.195291
364.8966991,124.195403
365.1867119,124.195328
365.4867065,124.195179
365.7666526,124.195067
366.0666475,124.195105
366.3566975,124.195105
366.6165764,124.195142
366.9367006,124.194993
367.2566943,124.195105
367.5367037,124.194881
367.8567192,124.194769
368.1266984,124.194918
368.4067011,124.19503
368.7067102,124.194657
368.9866889,124.194657
369.2867153,124.194433
369.576708,124.194321
369.886707,124.194433
370.1766969,124.194508
370.4666855,124.194582
370.7667072,124.194508
371.0567076,124.194694
371.3466937,124.194433
371.6267041,124.194359
371.9366494,124.194209
372.2167036,124.194396
372.5066994,124.194433
372.8166999,124.194433
373.1067158,124.194284
373.3967174,124.194321
373.6766737,124.194284
373.9866809,124.194135
374.2666953,124.194321
374.5867081,124.194135
374.8666941,124.19406
375.1967036,124.193948
375.4867021,124.193575
375.7866646,124.193836
376.0667061,124.193948
376.3367184,124.193911
376.6366967,124.193613
376.9266811,124.193836
377.2366841,124.193725
377.5366927,124.193762
377.8266843,124.193762
378.1066955,124.193799
378.3966936,124.193687
378.6866966,124.193575
378.9766642,124.193575
379.2671634,124.193165
379.5571584,124.193277
379.8671434,124.193501
380.1471611,124.193575
380.4471461,124.193352
380.7371622,124.193352
381.0471582,124.193389
381.3271642,124.193426
381.6571567,124.193389
381.937141,124.193389
382.2271546,124.193352
382.5371653,124.193352
382.8571583,124.193202
383.1371402,124.193053
383.4571571,124.192867
383.7371701,124.193128
384.0171426,124.19324
384.317157,124.193091
384.6071498,124.193053
384.927158,124.193053
385.2171501,124.193053
385.5271569,124.193277
385.8271399,124.193128
386.1371549,124.192718
386.4071536,124.192904
386.7171524,124.192643
387.0071552,124.192755
387.3171554,124.192867
387.6171456,124.193091
387.8971664,124.193165
388.2171702,124.192829
388.5071373,124.19268
388.8171396,124.192829
389.1371516,124.192979
389.4171453,124.192568
389.7171355,124.192494
390.0171261,124.192345
390.2970145,124.19268
390.6070937,124.192568
390.8871218,124.192531
391.1871021,124.192568
391.45712,124.192456
391.7571405,124.192606
392.0671276,124.192494
392.3570162,124.192568
392.657083,124.192643
392.9271541,124.192531
393.2271484,124.192195
393.5171471,124.192531
393.8271265,124.192456
394.1071176,124.192419
394.3970879,124.192382
394.6871409,124.192345
394.9770115,124.192568
395.2873417,124.192307
395.6274431,124.192233
395.8974549,124.192307
396.1774613,124.192456
396.4774734,124.192456
396.7673352,124.192568
397.057344,124.192009
397.3374632,124.192419
397.6374698,124.192456
397.9273762,124.192158
398.2374494,124.192233
398.5174174,124.192568
398.8374433,124.192083
399.117385,124.192083
399.4074423,124.192158
399.7374594,124.192158
400.0474615,124.192083
400.327478,124.192195
400.6274527,124.192195
400.927469,124.192121
401.2674488,124.192233
401.5374683,124.191972
401.8274525,124.192046
402.127449,124.191897
402.4274061,124.191748
402.7174652,124.191673
402.997431,124.191673
403.3074789,124.191897
403.5974558,124.191897
403.8974651,124.191711
404.1875979,124.191524
404.477612,124.191673
404.7575917,124.191599
405.0575921,124.191822
405.3676009,124.191561
405.6475967,124.191524
405.9475841,124.191188
406.227577,124.191263
406.5376121,124.191226
406.8275965,124.190965
407.1376196,124.191039
407.417591,124.190927
407.7176016,124.191263
407.9976004,124.191151
408.3075921,124.191039
408.5976006,124.190965
408.9074716,124.19089
409.1876037,124.19089
409.4775971,124.190965
409.7875918,124.190853
410.0675967,124.190629
410.3775939,124.190815
410.6676116,124.190704
