"Time","Position","Velocity","Acceleration","Potential"
0.02,0.418,-0.004,0.161,
0.04,0.418,-0.002,0.163,
0.06,0.418,0.004,0.116,
0.08,0.418,0.005,0.000,
0.10,0.418,0.001,-0.014,
0.12,0.418,0.004,0.000,
0.14,0.418,0.002,-0.022,
0.16,0.418,0.001,0.034,
0.18,0.418,0.003,0.096,
0.20,0.418,0.007,0.043,
0.22,0.419,0.007,-0.104,
0.24,0.419,0.000,-0.128,
0.26,0.419,-0.001,-0.012,
0.28,0.418,0.001,0.047,
0.30,0.419,0.003,-0.001,
0.32,0.419,0.001,-0.047,
0.34,0.419,-0.001,-0.015,
0.36,0.419,0.002,-0.024,
0.38,0.419,0.001,-0.124,
0.40,0.419,-0.005,-0.141,
0.42,0.419,-0.008,-0.043,
0.44,0.418,-0.007,0.064,
0.46,0.418,-0.003,0.060,
0.48,0.418,-0.003,-0.036,
0.50,0.418,-0.006,-0.031,
0.52,0.418,-0.006,0.063,
0.54,0.418,-0.001,0.062,
0.56,0.418,-0.002,-0.016,
0.58,0.418,-0.005,0.037,
0.60,0.418,0.000,0.088,
0.62,0.418,0.002,0.002,
0.64,0.418,-0.002,-0.006,
0.66,0.418,-0.001,0.064,
0.68,0.418,0.003,0.034,
0.70,0.418,0.002,-0.050,
0.72,0.418,-0.001,-0.024,
0.74,0.418,0.000,0.062,
0.76,0.418,0.002,0.120,
0.78,0.418,0.007,0.076,
0.80,0.418,0.007,-0.058,
0.82,0.418,0.001,-0.065,
0.84,0.418,0.003,-0.007,
0.86,0.418,0.003,-0.006,
0.88,0.418,0.003,-0.017,
0.90,0.418,0.002,-0.030,
0.92,0.418,0.000,0.022,
0.94,0.418,0.004,0.027,
0.96,0.419,0.003,-0.052,
0.98,0.418,-0.001,-0.038,
1.00,0.418,0.001,-0.021,
1.02,0.419,0.001,-0.098,
1.04,0.419,-0.003,-0.140,
1.06,0.418,-0.006,-0.094,
1.08,0.418,-0.008,-0.001,
1.10,0.418,-0.007,0.091,
1.12,0.418,-0.002,0.066,
1.14,0.418,-0.002,-0.062,
1.16,0.418,-0.008,-0.046,
1.18,0.418,-0.007,0.102,
1.20,0.418,-0.001,0.160,
1.22,0.418,0.003,0.076,
1.24,0.418,0.002,-0.048,
1.26,0.418,-0.002,-0.055,
1.28,0.418,-0.002,0.032,
1.30,0.418,0.000,0.109,
1.32,0.418,0.005,0.094,
1.34,0.418,0.005,0.004,
1.36,0.418,0.003,-0.001,
1.38,0.418,0.004,0.038,
1.40,0.418,0.007,-0.009,
1.42,0.418,0.004,-0.072,
1.44,0.418,0.001,-0.020,
1.46,0.418,0.002,0.107,
1.48,0.418,0.008,0.097,
1.50,0.419,0.008,-0.025,
1.52,0.419,0.004,-0.008,
1.54,0.419,0.006,0.131,
1.56,0.419,0.009,0.302,
1.58,0.419,0.019,0.403,
1.60,0.420,0.028,0.379,
1.62,0.420,0.033,0.401,
1.64,0.421,0.042,0.500,
1.66,0.422,0.053,0.590,
1.68,0.423,0.069,0.526,
1.70,0.425,0.078,0.276,
1.72,0.426,0.078,0.108,
1.74,0.428,0.079,0.078,
1.76,0.429,0.081,0.032,
1.78,0.431,0.084,-0.168,
1.80,0.433,0.077,-0.513,
1.82,0.434,0.061,-0.768,
1.84,0.435,0.044,-0.895,
1.86,0.436,0.025,-0.982,
1.88,0.436,0.006,-1.120,
1.90,0.436,-0.019,-1.321,
1.92,0.436,-0.049,-1.390,
1.94,0.434,-0.077,-1.315,
1.96,0.433,-0.103,-1.171,
1.98,0.430,-0.125,-0.941,
2.00,0.427,-0.140,-0.713,
2.02,0.425,-0.153,-0.501,
2.04,0.421,-0.161,-0.250,
2.06,0.418,-0.163,-0.003,
2.08,0.415,-0.162,0.302,
2.10,0.411,-0.153,0.703,
2.12,0.408,-0.135,1.137,
2.14,0.406,-0.106,1.514,
2.16,0.404,-0.073,1.798,
2.18,0.403,-0.032,1.945,
2.20,0.403,0.007,2.008,
2.22,0.403,0.047,2.116,
2.24,0.405,0.092,2.151,
2.26,0.407,0.137,1.975,
2.28,0.410,0.174,1.634,
2.30,0.414,0.201,1.304,
2.32,0.418,0.225,1.011,
2.34,0.423,0.245,0.574,
2.36,0.428,0.252,-0.046,
2.38,0.433,0.242,-0.638,
2.40,0.438,0.224,-1.127,
2.42,0.443,0.197,-1.570,
2.44,0.446,0.160,-1.906,
2.46,0.449,0.118,-2.145,
2.48,0.451,0.076,-2.435,
2.50,0.452,0.022,-2.746,
2.52,0.452,-0.039,-2.825,
2.54,0.450,-0.095,-2.707,
2.56,0.448,-0.146,-2.581,
2.58,0.445,-0.198,-2.424,
2.60,0.440,-0.247,-2.066,
2.62,0.435,-0.284,-1.499,
2.64,0.428,-0.309,-0.836,
2.66,0.422,-0.319,-0.111,
2.68,0.415,-0.311,0.518,
2.70,0.409,-0.295,0.995,
2.72,0.404,-0.273,1.549,
2.74,0.398,-0.235,2.192,
2.76,0.394,-0.185,2.785,
2.78,0.391,-0.120,3.170,
2.80,0.389,-0.055,3.372,
2.82,0.388,0.015,3.534,
2.84,0.390,0.090,3.537,
2.86,0.392,0.159,3.397,
2.88,0.396,0.226,3.148,
2.90,0.401,0.290,2.623,
2.92,0.408,0.336,1.879,
2.94,0.415,0.363,1.175,
2.96,0.423,0.381,0.504,
2.98,0.430,0.385,-0.231,
3.00,0.438,0.375,-1.066,
3.02,0.446,0.342,-1.881,
3.04,0.452,0.295,-2.499,
3.06,0.458,0.240,-3.016,
3.08,0.462,0.175,-3.511,
3.10,0.465,0.100,-3.959,
3.12,0.466,0.013,-4.205,
3.14,0.465,-0.074,-4.162,
3.16,0.463,-0.157,-3.903,
3.18,0.459,-0.233,-3.481,
3.20,0.453,-0.297,-2.984,
3.22,0.447,-0.351,-2.515,
3.24,0.439,-0.398,-1.983,
3.26,0.431,-0.435,-1.178,
3.28,0.422,-0.450,-0.151,
3.30,0.412,-0.441,0.873,
3.32,0.404,-0.411,1.729,
3.34,0.396,-0.370,2.481,
3.36,0.389,-0.313,3.236,
3.38,0.383,-0.239,3.906,
3.40,0.379,-0.154,4.442,
3.42,0.377,-0.059,4.811,
3.44,0.376,0.043,4.882,
3.46,0.378,0.141,4.665,
3.48,0.382,0.231,4.321,
3.50,0.388,0.315,3.867,
3.52,0.395,0.388,3.252,
3.54,0.404,0.450,2.407,
3.56,0.413,0.488,1.379,
3.58,0.423,0.504,0.354,
3.60,0.434,0.502,-0.680,
3.62,0.444,0.478,-1.743,
3.64,0.453,0.431,-2.735,
3.66,0.461,0.364,-3.506,
3.68,0.468,0.288,-4.078,
3.70,0.473,0.201,-4.591,
3.72,0.476,0.101,-4.926,
3.74,0.477,0.001,-5.104,
3.76,0.476,-0.104,-5.167,
3.78,0.473,-0.211,-4.901,
3.80,0.468,-0.306,-4.318,
3.82,0.460,-0.385,-3.640,
3.84,0.452,-0.450,-2.967,
3.86,0.442,-0.506,-2.137,
3.88,0.432,-0.541,-1.064,
3.90,0.420,-0.550,0.115,
3.92,0.409,-0.535,1.243,
3.94,0.399,-0.500,2.321,
3.96,0.389,-0.441,3.341,
3.98,0.381,-0.362,4.157,
4.00,0.374,-0.273,4.854,
4.02,0.370,-0.168,5.468,
4.04,0.367,-0.051,5.865,
4.06,0.367,0.074,5.881,
4.08,0.370,0.191,5.513,
4.10,0.375,0.295,5.005,
4.12,0.382,0.392,4.390,
4.14,0.391,0.475,3.581,
4.16,0.401,0.538,2.616,
4.18,0.413,0.581,1.507,
4.20,0.425,0.603,0.173,
4.22,0.438,0.589,-1.224,
4.24,0.449,0.549,-2.389,
4.26,0.460,0.491,-3.381,
4.28,0.469,0.412,-4.254,
4.30,0.476,0.319,-4.982,
4.32,0.482,0.211,-5.559,
4.34,0.485,0.091,-5.857,
4.36,0.486,-0.028,-5.895,
4.38,0.484,-0.147,-5.733,
4.40,0.480,-0.262,-5.303,
4.42,0.473,-0.362,-4.706,
4.44,0.465,-0.451,-4.027,
4.46,0.455,-0.526,-3.144,
4.48,0.444,-0.581,-2.032,
4.50,0.431,-0.610,-0.766,
4.52,0.419,-0.610,0.442,
4.54,0.407,-0.590,1.526,
4.56,0.395,-0.550,2.672,
4.58,0.384,-0.484,3.846,
4.60,0.375,-0.394,4.898,
4.62,0.368,-0.285,5.742,
4.64,0.364,-0.159,6.231,
4.66,0.362,-0.029,6.343,
4.68,0.362,0.098,6.261,
4.70,0.366,0.223,6.018,
4.72,0.371,0.342,5.535,
4.74,0.380,0.449,4.804,
4.76,0.390,0.539,3.781,
4.78,0.402,0.605,2.477,
4.80,0.414,0.639,1.103,
4.82,0.428,0.648,-0.244,
4.84,0.441,0.628,-1.527,
4.86,0.453,0.586,-2.744,
4.88,0.465,0.519,-3.935,
4.90,0.474,0.423,-4.847,
4.92,0.482,0.320,-5.474,
4.94,0.487,0.204,-6.008,
4.96,0.490,0.075,-6.290,
4.98,0.490,-0.052,-6.293,
5.00,0.488,-0.178,-6.148,
5.02,0.483,-0.304,-5.663,
5.04,0.475,-0.410,-4.856,
5.06,0.466,-0.499,-3.943,
5.08,0.455,-0.569,-2.924,
5.10,0.443,-0.617,-1.843,
5.12,0.430,-0.646,-0.623,
5.14,0.417,-0.643,0.665,
5.16,0.404,-0.618,1.924,
5.18,0.392,-0.568,3.229,
5.20,0.381,-0.487,4.386,
5.22,0.372,-0.386,5.230,
5.24,0.365,-0.274,5.877,
5.26,0.361,-0.150,6.386,
5.28,0.359,-0.016,6.678,
5.30,0.360,0.122,6.670,
5.32,0.364,0.256,6.323,
5.34,0.371,0.381,5.613,
5.36,0.380,0.486,4.606,
5.38,0.390,0.566,3.520,
5.40,0.403,0.629,2.318,
5.42,0.416,0.662,0.952,
5.44,0.430,0.668,-0.493,
5.46,0.443,0.643,-1.959,
5.48,0.456,0.586,-3.238,
5.50,0.467,0.509,-4.296,
5.52,0.476,0.412,-5.181,
5.54,0.484,0.297,-5.764,
5.56,0.488,0.178,-6.117,
5.58,0.491,0.053,-6.447,
5.60,0.491,-0.084,-6.534,
5.62,0.488,-0.217,-6.123,
5.64,0.482,-0.334,-5.384,
5.66,0.474,-0.434,-4.525,
5.68,0.464,-0.515,-3.639,
5.70,0.453,-0.579,-2.752,
5.72,0.441,-0.629,-1.661,
5.74,0.427,-0.651,-0.301,
5.76,0.414,-0.642,1.116,
5.78,0.401,-0.603,2.401,
5.80,0.390,-0.542,3.506,
5.82,0.379,-0.462,4.531,
5.84,0.371,-0.360,5.452,
5.86,0.365,-0.241,6.188,
5.88,0.361,-0.109,6.681,
5.90,0.360,0.033,6.753,
5.92,0.362,0.169,6.392,
5.94,0.367,0.291,5.828,
5.96,0.374,0.403,5.141,
5.98,0.383,0.500,4.260,
6.00,0.395,0.577,3.167,
6.02,0.407,0.629,1.900,
6.04,0.420,0.657,0.450,
6.06,0.434,0.649,-1.081,
6.08,0.447,0.609,-2.399,
6.10,0.458,0.550,-3.506,
6.12,0.469,0.467,-4.484,
6.14,0.477,0.367,-5.241,
6.16,0.484,0.256,-5.863,
6.18,0.488,0.128,-6.245,
6.20,0.489,0.000,-6.268,
6.22,0.488,-0.124,-6.136,
6.24,0.484,-0.249,-5.764,
6.26,0.478,-0.362,-5.026,
6.28,0.469,-0.451,-4.191,
6.30,0.459,-0.528,-3.354,
6.32,0.448,-0.588,-2.355,
6.34,0.435,-0.627,-1.125,
6.36,0.422,-0.637,0.302,
6.38,0.409,-0.615,1.722,
6.40,0.397,-0.563,2.873,
6.42,0.387,-0.496,3.840,
6.44,0.377,-0.410,4.809,
6.46,0.370,-0.302,5.625,
6.48,0.365,-0.181,6.185,
6.50,0.363,-0.051,6.488,
6.52,0.363,0.085,6.410,
6.54,0.366,0.211,6.003,
6.56,0.371,0.327,5.435,
6.58,0.379,0.432,4.661,
6.60,0.389,0.516,3.688,
6.62,0.400,0.583,2.491,
6.64,0.413,0.621,1.059,
6.66,0.426,0.625,-0.343,
6.68,0.438,0.604,-1.590,
6.70,0.450,0.559,-2.716,
6.72,0.461,0.493,-3.712,
6.74,0.470,0.410,-4.651,
6.76,0.478,0.306,-5.492,
6.78,0.483,0.184,-5.967,
6.80,0.485,0.060,-6.044,
6.82,0.485,-0.061,-5.879,
6.84,0.482,-0.177,-5.561,
6.86,0.478,-0.286,-5.099,
6.88,0.471,-0.384,-4.416,
6.90,0.462,-0.465,-3.566,
6.92,0.452,-0.528,-2.624,
6.94,0.441,-0.572,-1.546,
6.96,0.429,-0.593,-0.316,
6.98,0.417,-0.586,0.970,
7.00,0.405,-0.551,2.114,
7.02,0.394,-0.499,3.144,
7.04,0.385,-0.425,4.144,
7.06,0.377,-0.331,4.977,
7.08,0.371,-0.223,5.607,
7.10,0.368,-0.103,5.990,
7.12,0.367,0.023,6.003,
7.14,0.369,0.143,5.692,
7.16,0.373,0.251,5.272,
7.18,0.379,0.355,4.735,
7.20,0.387,0.446,3.925,
7.22,0.397,0.518,2.803,
7.24,0.408,0.561,1.477,
7.26,0.420,0.575,0.198,
7.28,0.432,0.568,-1.005,
7.30,0.443,0.534,-2.112,
7.32,0.453,0.480,-3.060,
7.34,0.463,0.411,-3.972,
7.36,0.470,0.321,-4.799,
7.38,0.476,0.214,-5.313,
7.40,0.479,0.103,-5.533,
7.42,0.480,-0.011,-5.524,
7.44,0.478,-0.123,-5.219,
7.46,0.475,-0.221,-4.790,
7.48,0.469,-0.315,-4.306,
7.50,0.462,-0.397,-3.615,
7.52,0.453,-0.461,-2.789,
7.54,0.443,-0.510,-1.851,
7.56,0.433,-0.539,-0.722,
7.58,0.421,-0.541,0.514,
7.60,0.410,-0.516,1.639,
7.62,0.400,-0.472,2.574,
7.64,0.391,-0.412,3.442,
7.66,0.384,-0.334,4.266,
7.68,0.378,-0.240,4.957,
7.70,0.374,-0.133,5.427,
7.72,0.372,-0.016,5.523,
7.74,0.373,0.095,5.265,
7.76,0.376,0.195,4.901,
7.78,0.381,0.292,4.422,
7.80,0.388,0.376,3.718,
7.82,0.396,0.443,2.846,
7.84,0.406,0.493,1.781,
7.86,0.417,0.517,0.578,
7.88,0.427,0.515,-0.573,
7.90,0.438,0.492,-1.616,
7.92,0.447,0.449,-2.547,
7.94,0.456,0.388,-3.338,
7.96,0.463,0.315,-4.074,
7.98,0.469,0.224,-4.728,
8.00,0.472,0.120,-5.078,
8.02,0.473,0.015,-5.081,
8.04,0.473,-0.087,-4.811,
8.06,0.470,-0.180,-4.364,
8.08,0.465,-0.261,-3.906,
8.10,0.459,-0.337,-3.405,
8.12,0.452,-0.401,-2.713,
8.14,0.443,-0.448,-1.847,
8.16,0.433,-0.476,-0.867,
8.18,0.424,-0.485,0.226,
8.20,0.414,-0.467,1.304,
8.22,0.405,-0.429,2.196,
8.24,0.396,-0.379,3.015,
8.26,0.389,-0.308,3.793,
8.28,0.384,-0.223,4.372,
8.30,0.380,-0.130,4.757,
8.32,0.378,-0.032,5.005,
8.34,0.379,0.076,4.913,
8.36,0.382,0.171,4.475,
8.38,0.386,0.255,3.942,
8.40,0.392,0.330,3.317,
8.42,0.399,0.390,2.563,
8.44,0.408,0.434,1.691,
8.46,0.417,0.461,0.666,
8.48,0.427,0.464,-0.485,
8.50,0.436,0.440,-1.567,
8.52,0.444,0.397,-2.416,
8.54,0.452,0.340,-3.055,
8.56,0.458,0.273,-3.579,
8.58,0.463,0.197,-4.065,
8.60,0.466,0.109,-4.452,
8.62,0.468,0.014,-4.569,
8.64,0.467,-0.079,-4.371,
8.66,0.464,-0.164,-3.963,
8.68,0.460,-0.240,-3.413,
8.70,0.454,-0.300,-2.864,
8.72,0.448,-0.353,-2.377,
8.74,0.440,-0.400,-1.675,
8.76,0.432,-0.425,-0.720,
8.78,0.423,-0.429,0.274,
8.80,0.414,-0.412,1.187,
8.82,0.406,-0.380,2.034,
8.84,0.399,-0.332,2.896,
8.86,0.392,-0.261,3.561,
8.88,0.388,-0.184,3.960,
8.90,0.385,-0.101,4.239,
8.92,0.384,-0.011,4.312,
8.94,0.385,0.075,4.170,
8.96,0.387,0.156,3.941,
8.98,0.391,0.236,3.522,
9.00,0.397,0.303,2.818,
9.02,0.403,0.349,2.037,
9.04,0.411,0.383,1.292,
9.06,0.419,0.402,0.500,
9.08,0.427,0.405,-0.397,
9.10,0.435,0.388,-1.389,
9.12,0.443,0.348,-2.310,
9.14,0.450,0.290,-2.954,
9.16,0.455,0.226,-3.383,
9.18,0.459,0.155,-3.744,
9.20,0.461,0.074,-3.942,
9.22,0.462,-0.008,-3.893,
9.24,0.461,-0.083,-3.765,
9.26,0.458,-0.158,-3.610,
9.28,0.454,-0.231,-3.223,
9.30,0.449,-0.292,-2.569,
9.32,0.443,-0.335,-1.816,
9.34,0.435,-0.363,-1.083,
9.36,0.428,-0.378,-0.373,
9.38,0.420,-0.381,0.442,
9.40,0.412,-0.362,1.326,
9.42,0.405,-0.326,2.156,
9.44,0.399,-0.274,2.868,
9.46,0.394,-0.209,3.415,
9.48,0.390,-0.134,3.760,
9.50,0.389,-0.054,3.861,
9.52,0.388,0.022,3.860,
9.54,0.389,0.100,3.801,
9.56,0.392,0.178,3.503,
9.58,0.397,0.245,2.943,
9.60,0.402,0.298,2.271,
9.62,0.409,0.336,1.554,
9.64,0.416,0.359,0.833,
9.66,0.424,0.370,0.081,
9.68,0.431,0.366,-0.803,
9.70,0.438,0.340,-1.757,
9.72,0.445,0.291,-2.500,
9.74,0.450,0.234,-2.954,
9.76,0.454,0.171,-3.267,
9.78,0.457,0.102,-3.485,
9.80,0.459,0.029,-3.556,
9.82,0.458,-0.041,-3.546,
9.84,0.457,-0.113,-3.492,
9.86,0.454,-0.184,-3.249,
9.88,0.449,-0.247,-2.786,
9.90,0.444,-0.298,-2.136,
9.92,0.437,-0.334,-1.371,
9.94,0.430,-0.354,-0.563,
9.96,0.423,-0.355,0.186,
9.98,0.416,-0.345,0.857,
10.00,0.409,-0.323,1.639,
10.02,0.402,-0.280,2.420,
10.04,0.397,-0.223,3.015,
10.06,0.393,-0.156,3.416,
10.08,0.391,-0.084,3.669,
10.10,0.390,-0.008,3.814,
10.12,0.391,0.073,3.678,
10.14,0.393,0.144,3.289,
10.16,0.397,0.204,2.893,
10.18,0.401,0.260,2.444,
10.20,0.407,0.305,1.833,
10.22,0.414,0.334,1.148,
10.24,0.421,0.351,0.415,
10.26,0.428,0.354,-0.456,
10.28,0.435,0.335,-1.403,
10.30,0.442,0.294,-2.164,
10.32,0.447,0.243,-2.638,
10.34,0.452,0.187,-2.969,
10.36,0.455,0.124,-3.245,
10.38,0.457,0.057,-3.479,
10.40,0.457,-0.016,-3.624,
10.42,0.456,-0.094,-3.489,
10.44,0.453,-0.161,-3.084,
10.46,0.449,-0.217,-2.619,
10.48,0.444,-0.264,-2.190,
10.50,0.439,-0.305,-1.725,
10.52,0.432,-0.337,-1.060,
10.54,0.425,-0.351,-0.233,
10.56,0.418,-0.347,0.624,
10.58,0.411,-0.326,1.466,
10.60,0.404,-0.287,2.214,
10.62,0.399,-0.233,2.745,
10.64,0.395,-0.174,3.103,
10.66,0.392,-0.109,3.423,
10.68,0.391,-0.036,3.662,
10.70,0.391,0.041,3.721,
10.72,0.392,0.116,3.575,
10.74,0.395,0.188,3.203,
10.76,0.400,0.247,2.654,
10.78,0.405,0.294,2.068,
10.80,0.412,0.330,1.454,
10.82,0.419,0.355,0.659,
10.84,0.426,0.360,-0.307,
10.86,0.433,0.342,-1.206,
10.88,0.440,0.309,-1.949,
10.90,0.446,0.260,-2.463,
10.92,0.451,0.207,-2.786,
10.94,0.454,0.149,-3.099,
10.96,0.457,0.084,-3.435,
10.98,0.458,0.010,-3.666,
11.00,0.457,-0.068,-3.591,
11.02,0.455,-0.139,-3.255,
11.04,0.452,-0.199,-2.833,
11.06,0.447,-0.253,-2.360,
11.08,0.441,-0.294,-1.842,
11.10,0.435,-0.326,-1.304,
11.12,0.428,-0.351,-0.555,
11.14,0.421,-0.352,0.382,
11.16,0.414,-0.331,1.145,
11.18,0.407,-0.303,1.753,
11.20,0.401,-0.263,2.406,
11.22,0.396,-0.207,3.028,
11.24,0.393,-0.139,3.472,
11.26,0.391,-0.064,3.716,
11.28,0.390,0.012,3.820,
11.30,0.391,0.091,3.724,
11.32,0.394,0.166,3.347,
11.34,0.398,0.227,2.850,
11.36,0.403,0.280,2.319,
11.38,0.409,0.321,1.696,
11.40,0.416,0.349,0.999,
11.42,0.424,0.362,0.234,
11.44,0.431,0.361,-0.650,
11.46,0.438,0.337,-1.577,
11.48,0.445,0.294,-2.313,
11.50,0.450,0.241,-2.831,
11.52,0.455,0.179,-3.232,
11.54,0.458,0.110,-3.531,
11.56,0.459,0.035,-3.676,
11.58,0.459,-0.039,-3.694,
11.60,0.458,-0.113,-3.635,
11.62,0.454,-0.188,-3.355,
11.64,0.450,-0.251,-2.869,
11.66,0.444,-0.303,-2.302,
11.68,0.438,-0.345,-1.614,
11.70,0.430,-0.370,-0.812,
11.72,0.423,-0.379,0.055,
11.74,0.415,-0.368,0.911,
11.76,0.408,-0.340,1.657,
11.78,0.401,-0.300,2.306,
11.80,0.395,-0.248,2.940,
11.82,0.391,-0.181,3.498,
11.84,0.388,-0.103,3.798,
11.86,0.387,-0.026,3.923,
11.88,0.387,0.054,3.989,
11.90,0.389,0.135,3.915,
11.92,0.392,0.214,3.625,
11.94,0.397,0.285,3.045,
11.96,0.404,0.340,2.223,
11.98,0.411,0.374,1.367,
12.00,0.419,0.394,0.540,
12.02,0.427,0.395,-0.258,
12.04,0.435,0.384,-1.059,
12.06,0.443,0.353,-1.861,
12.08,0.450,0.308,-2.603,
12.10,0.456,0.248,-3.287,
12.12,0.460,0.173,-3.777,
12.14,0.463,0.093,-4.027,
12.16,0.464,0.009,-4.062,
12.18,0.463,-0.072,-3.920,
12.20,0.461,-0.149,-3.663,
12.22,0.457,-0.220,-3.312,
12.24,0.452,-0.282,-2.913,
12.26,0.445,-0.338,-2.406,
12.28,0.438,-0.382,-1.706,
12.30,0.430,-0.409,-0.824,
12.32,0.421,-0.416,0.144,
12.34,0.413,-0.404,1.112,
12.36,0.405,-0.370,1.991,
12.38,0.398,-0.321,2.695,
12.40,0.392,-0.261,3.315,
12.42,0.387,-0.188,3.886,
12.44,0.384,-0.104,4.306,
12.46,0.383,-0.011,4.440,
12.48,0.384,0.079,4.287,
12.50,0.386,0.162,4.002,
12.52,0.390,0.240,3.609,
12.54,0.396,0.309,3.084,
12.56,0.403,0.367,2.391,
12.58,0.411,0.406,1.583,
12.60,0.419,0.430,0.714,
12.62,0.428,0.438,-0.318,
12.64,0.437,0.419,-1.410,
12.66,0.445,0.378,-2.293,
12.68,0.453,0.323,-2.945,
12.70,0.459,0.258,-3.459,
12.72,0.463,0.185,-3.926,
12.74,0.466,0.101,-4.368,
12.76,0.467,0.006,-4.581,
12.78,0.466,-0.089,-4.442,
12.80,0.464,-0.176,-4.029,
12.82,0.459,-0.252,-3.490,
12.84,0.453,-0.314,-2.986,
12.86,0.447,-0.371,-2.459,
12.88,0.438,-0.418,-1.681,
12.90,0.429,-0.442,-0.712,
12.92,0.420,-0.445,0.261,
12.94,0.411,-0.431,1.215,
12.96,0.403,-0.397,2.168,
12.98,0.395,-0.341,2.963,
13.00,0.389,-0.275,3.555,
13.02,0.384,-0.199,4.099,
13.04,0.381,-0.110,4.547,
13.06,0.379,-0.014,4.799,
13.08,0.380,0.088,4.732,
13.10,0.383,0.181,4.341,
13.12,0.388,0.263,3.823,
13.14,0.394,0.335,3.223,
13.16,0.401,0.394,2.508,
13.18,0.410,0.437,1.685,
13.20,0.419,0.463,0.717,
13.22,0.429,0.468,-0.408,
13.24,0.438,0.447,-1.538,
13.26,0.447,0.403,-2.475,
13.28,0.454,0.344,-3.165,
13.30,0.461,0.274,-3.707,
13.32,0.466,0.194,-4.136,
13.34,0.469,0.108,-4.488,
13.36,0.470,0.013,-4.737,
13.38,0.469,-0.086,-4.695,
13.40,0.466,-0.180,-4.323,
13.42,0.462,-0.263,-3.729,
13.44,0.456,-0.331,-3.037,
13.46,0.448,-0.383,-2.398,
13.48,0.440,-0.426,-1.750,
13.50,0.431,-0.457,-0.878,
13.52,0.422,-0.464,0.163,
13.54,0.412,-0.451,1.240,
13.56,0.403,-0.415,2.272,
13.58,0.395,-0.356,3.061,
13.60,0.389,-0.287,3.577,
13.62,0.384,-0.213,4.049,
13.64,0.380,-0.126,4.530,
13.66,0.379,-0.029,4.854,
13.68,0.379,0.072,4.924,
13.70,0.381,0.173,4.692,
13.72,0.386,0.266,4.144,
13.74,0.392,0.342,3.405,
13.76,0.400,0.401,2.646,
13.78,0.409,0.447,1.849,
13.80,0.418,0.480,0.816,
13.82,0.428,0.485,-0.439,
13.84,0.438,0.460,-1.593,
13.86,0.447,0.416,-2.476,
13.88,0.455,0.357,-3.148,
13.90,0.461,0.288,-3.708,
13.92,0.466,0.210,-4.259,
13.94,0.470,0.115,-4.655,
13.96,0.471,0.018,-4.766,
13.98,0.471,-0.077,-4.745,
14.00,0.468,-0.175,-4.509,
14.02,0.464,-0.262,-4.004,
14.04,0.457,-0.337,-3.322,
14.06,0.450,-0.397,-2.512,
14.08,0.441,-0.436,-1.744,
14.10,0.432,-0.466,-0.981,
14.12,0.422,-0.480,-0.001,
14.14,0.413,-0.468,1.097,
14.16,0.403,-0.435,2.125,
14.18,0.395,-0.382,3.064,
14.20,0.388,-0.311,3.870,
14.22,0.382,-0.223,4.423,
14.24,0.379,-0.129,4.695,
14.26,0.377,-0.034,4.844,
14.28,0.377,0.067,4.871,
14.30,0.380,0.165,4.681,
14.32,0.384,0.257,4.295,
14.34,0.390,0.340,3.687,
14.36,0.398,0.409,2.823,
14.38,0.407,0.455,1.818,
14.40,0.416,0.481,0.813,
14.42,0.426,0.489,-0.241,
14.44,0.436,0.472,-1.310,
14.46,0.446,0.434,-2.250,
14.48,0.454,0.381,-3.119,
14.50,0.461,0.308,-3.901,
14.52,0.467,0.221,-4.434,
14.54,0.470,0.127,-4.715,
14.56,0.472,0.029,-4.786,
14.58,0.471,-0.068,-4.641,
14.60,0.469,-0.158,-4.384,
14.62,0.465,-0.244,-4.042,
14.64,0.459,-0.324,-3.480,
14.66,0.452,-0.386,-2.767,
14.68,0.443,-0.435,-1.978,
14.70,0.434,-0.469,-1.021,
14.72,0.424,-0.477,-0.006,
14.74,0.415,-0.466,0.907,
14.76,0.405,-0.441,1.808,
14.78,0.397,-0.396,2.803,
14.80,0.389,-0.328,3.755,
14.82,0.383,-0.242,4.483,
14.84,0.379,-0.143,4.864,
14.86,0.378,-0.042,4.934,
14.88,0.378,0.055,4.902,
14.90,0.380,0.155,4.741,
14.92,0.384,0.249,4.356,
14.94,0.390,0.332,3.778,
14.96,0.397,0.405,2.915,
14.98,0.406,0.453,1.824,
15.00,0.416,0.477,0.769,
15.02,0.426,0.483,-0.231,
15.04,0.435,0.468,-1.217,
15.06,0.445,0.432,-2.110,
15.08,0.453,0.381,-2.890,
15.10,0.460,0.317,-3.655,
15.12,0.466,0.235,-4.358,
15.14,0.470,0.138,-4.775,
15.16,0.472,0.038,-4.894,
15.18,0.471,-0.061,-4.783,
15.20,0.469,-0.157,-4.448,
15.22,0.465,-0.242,-3.956,
15.24,0.459,-0.314,-3.444,
15.26,0.452,-0.379,-2.936,
15.28,0.444,-0.436,-2.194,
15.30,0.434,-0.473,-1.138,
15.32,0.425,-0.483,0.009,
15.34,0.415,-0.471,1.110,
15.36,0.405,-0.435,2.035,
15.38,0.397,-0.386,2.761,
15.40,0.390,-0.326,3.515,
15.42,0.384,-0.246,4.248,
15.44,0.380,-0.152,4.755,
15.46,0.378,-0.051,4.964,
15.48,0.378,0.051,4.870,
15.50,0.380,0.147,4.592,
15.52,0.384,0.237,4.190,
15.54,0.389,0.317,3.638,
15.56,0.396,0.385,2.929,
15.58,0.405,0.436,2.094,
15.60,0.414,0.470,1.163,
15.62,0.424,0.485,0.077,
15.64,0.434,0.476,-1.164,
15.66,0.444,0.436,-2.285,
15.68,0.452,0.379,-3.088,
15.70,0.459,0.310,-3.676,
15.72,0.464,0.229,-4.109,
15.74,0.468,0.145,-4.470,
15.76,0.470,0.050,-4.763,
15.78,0.470,-0.051,-4.791,
15.80,0.468,-0.147,-4.506,
15.82,0.464,-0.234,-3.997,
15.84,0.459,-0.309,-3.340,
15.86,0.452,-0.368,-2.646,
15.88,0.444,-0.413,-2.012,
15.90,0.435,-0.450,-1.298,
15.92,0.425,-0.471,-0.305,
15.94,0.416,-0.465,0.819,
15.96,0.406,-0.436,1.860,
15.98,0.398,-0.388,2.793,
16.00,0.391,-0.323,3.615,
16.02,0.385,-0.242,4.286,
16.04,0.381,-0.146,4.652,
16.06,0.379,-0.050,4.701,
16.08,0.379,0.043,4.658,
16.10,0.381,0.137,4.538,
16.12,0.384,0.227,4.242,
16.14,0.390,0.310,3.751,
16.16,0.397,0.382,2.980,
16.18,0.405,0.433,1.962,
16.20,0.415,0.461,0.906,
16.22,0.424,0.469,-0.106,
16.24,0.434,0.456,-1.090,
16.26,0.443,0.423,-1.968,
16.28,0.451,0.377,-2.795,
16.30,0.458,0.312,-3.631,
16.32,0.464,0.227,-4.235,
16.34,0.467,0.137,-4.534,
16.36,0.469,0.043,-4.631,
16.38,0.469,-0.051,-4.519,
16.40,0.467,-0.139,-4.302,
16.42,0.463,-0.226,-3.918,
16.44,0.458,-0.301,-3.270,
16.46,0.451,-0.355,-2.671,
16.48,0.444,-0.406,-2.119,
16.50,0.435,-0.446,-1.273,
16.52,0.425,-0.462,-0.175,
16.54,0.416,-0.452,0.909,
16.56,0.407,-0.422,1.846,
16.58,0.399,-0.377,2.719,
16.60,0.392,-0.313,3.521,
16.62,0.386,-0.232,4.100,
16.64,0.382,-0.144,4.414,
16.66,0.380,-0.054,4.597,
16.68,0.380,0.041,4.669,
16.70,0.382,0.136,4.540,
16.72,0.385,0.225,4.221,
16.74,0.391,0.310,3.603,
16.76,0.398,0.375,2.711,
16.78,0.406,0.418,1.801,
16.80,0.415,0.446,0.899,
16.82,0.424,0.456,-0.083,
16.84,0.434,0.443,-1.084,
16.86,0.442,0.410,-1.970,
16.88,0.450,0.361,-2.701,
16.90,0.457,0.302,-3.418,
16.92,0.463,0.225,-4.085,
16.94,0.466,0.134,-4.479,
16.96,0.468,0.041,-4.588,
16.98,0.468,-0.053,-4.481,
17.00,0.466,-0.142,-4.199,
17.02,0.462,-0.221,-3.857,
17.04,0.457,-0.297,-3.434,
17.06,0.450,-0.363,-2.787,
17.08,0.442,-0.410,-1.982,
17.10,0.433,-0.444,-1.056,
17.12,0.424,-0.456,0.007,
17.14,0.415,-0.442,0.990,
17.16,0.406,-0.413,1.840,
17.18,0.398,-0.369,2.688,
17.20,0.391,-0.305,3.460,
17.22,0.386,-0.228,4.103,
17.24,0.382,-0.138,4.570,
17.26,0.380,-0.042,4.790,
17.28,0.380,0.058,4.729,
17.30,0.382,0.152,4.395,
17.32,0.386,0.235,3.950,
17.34,0.392,0.312,3.410,
17.36,0.399,0.374,2.721,
17.38,0.407,0.422,1.918,
17.40,0.416,0.455,0.904,
17.42,0.426,0.461,-0.267,
17.44,0.435,0.442,-1.341,
17.46,0.444,0.404,-2.232,
17.48,0.451,0.349,-2.914,
17.50,0.458,0.286,-3.487,
17.52,0.463,0.209,-3.965,
17.54,0.466,0.126,-4.337,
17.56,0.468,0.034,-4.609,
17.58,0.468,-0.063,-4.599,
17.60,0.466,-0.155,-4.277,
17.62,0.461,-0.238,-3.750,
17.64,0.456,-0.307,-3.114,
17.66,0.449,-0.363,-2.440,
17.68,0.441,-0.404,-1.777,
17.70,0.433,-0.434,-1.049,
17.72,0.423,-0.450,-0.107,
17.74,0.414,-0.442,0.984,
17.76,0.405,-0.409,2.005,
17.78,0.398,-0.358,2.848,
17.80,0.391,-0.294,3.585,
17.82,0.386,-0.212,4.121,
17.84,0.382,-0.124,4.373,
17.86,0.381,-0.035,4.518,
17.88,0.381,0.058,4.574,
17.90,0.383,0.151,4.435,
17.92,0.387,0.239,4.075,
17.94,0.393,0.319,3.422,
17.96,0.400,0.380,2.526,
17.98,0.408,0.420,1.596,
18.00,0.417,0.443,0.678,
18.02,0.426,0.448,-0.272,
18.04,0.435,0.432,-1.220,
18.06,0.444,0.398,-2.136,
18.08,0.451,0.346,-3.003,
18.10,0.458,0.275,-3.693,
18.12,0.463,0.194,-4.116,
18.14,0.466,0.107,-4.307,
18.16,0.467,0.021,-4.394,
18.18,0.467,-0.069,-4.425,
18.20,0.464,-0.162,-4.148,
18.22,0.460,-0.240,-3.586,
18.24,0.454,-0.304,-3.040,
18.26,0.448,-0.361,-2.494,
18.28,0.440,-0.408,-1.756,
18.30,0.431,-0.436,-0.786,
18.32,0.422,-0.440,0.219,
18.34,0.413,-0.424,1.101,
18.36,0.405,-0.395,1.948,
18.38,0.397,-0.348,2.836,
18.40,0.391,-0.280,3.633,
18.42,0.386,-0.197,4.143,
18.44,0.383,-0.109,4.352,
18.46,0.381,-0.022,4.450,
18.48,0.382,0.069,4.478,
18.50,0.384,0.160,4.313,
18.52,0.388,0.245,3.926,
18.54,0.394,0.322,3.279,
18.56,0.401,0.380,2.404,
18.58,0.409,0.418,1.474,
18.60,0.418,0.439,0.543,
18.62,0.427,0.441,-0.428,
18.64,0.436,0.422,-1.394,
18.66,0.445,0.382,-2.201,
18.68,0.452,0.333,-2.916,
18.70,0.458,0.267,-3.642,
18.72,0.463,0.183,-4.145,
18.74,0.465,0.096,-4.362,
18.76,0.467,0.006,-4.392,
18.78,0.466,-0.083,-4.228,
18.80,0.463,-0.166,-3.876,
18.82,0.459,-0.239,-3.450,
18.84,0.453,-0.304,-3.012,
18.86,0.447,-0.362,-2.435,
18.88,0.439,-0.406,-1.624,
18.90,0.430,-0.429,-0.657,
18.92,0.421,-0.432,0.328,
18.94,0.412,-0.414,1.215,
18.96,0.404,-0.381,1.991,
18.98,0.397,-0.335,2.777,
19.00,0.391,-0.270,3.531,
19.02,0.386,-0.191,4.113,
19.04,0.383,-0.102,4.477,
19.06,0.382,-0.009,4.619,
19.08,0.383,0.088,4.462,
19.10,0.386,0.174,4.065,
19.12,0.390,0.250,3.638,
19.14,0.396,0.321,3.120,
19.16,0.403,0.378,2.402,
19.18,0.411,0.421,1.453,
19.20,0.420,0.440,0.337,
19.22,0.429,0.433,-0.702,
19.24,0.438,0.408,-1.556,
19.26,0.445,0.368,-2.257,
19.28,0.452,0.318,-2.932,
19.30,0.458,0.251,-3.620,
19.32,0.463,0.169,-4.101,
19.34,0.465,0.083,-4.328,
19.36,0.466,-0.007,-4.353,
19.38,0.465,-0.094,-4.191,
19.40,0.462,-0.178,-3.830,
19.42,0.458,-0.249,-3.344,
19.44,0.452,-0.310,-2.895,
19.46,0.445,-0.367,-2.333,
19.48,0.437,-0.408,-1.538,
19.50,0.429,-0.432,-0.553,
19.52,0.420,-0.432,0.515,
19.54,0.411,-0.409,1.461,
19.56,0.403,-0.370,2.229,
19.58,0.396,-0.319,2.923,
19.60,0.390,-0.253,3.587,
19.62,0.386,-0.173,4.102,
19.64,0.383,-0.086,4.434,
19.66,0.382,0.009,4.518,
19.68,0.383,0.101,4.290,
19.70,0.386,0.182,3.931,
19.72,0.391,0.258,3.518,
19.74,0.397,0.325,2.966,
19.76,0.404,0.379,2.256,
19.78,0.412,0.417,1.403,
19.80,0.421,0.439,0.368,
19.82,0.430,0.434,-0.765,
19.84,0.439,0.405,-1.745,
19.86,0.447,0.360,-2.509,
19.88,0.453,0.301,-3.076,
19.90,0.459,0.235,-3.521,
19.92,0.463,0.162,-3.984,
19.94,0.465,0.075,-4.365,
19.96,0.466,-0.019,-4.435,
19.98,0.465,-0.107,-4.222,
20.00,0.461,-0.190,-3.835,
20.02,0.457,-0.263,-3.308,
20.04,0.451,-0.324,-2.698,
20.06,0.444,-0.370,-2.084,
20.08,0.436,-0.407,-1.419,
20.10,0.427,-0.431,-0.540,
20.12,0.418,-0.432,0.489,
20.14,0.410,-0.411,1.523,
20.16,0.401,-0.369,2.473,
20.18,0.394,-0.310,3.254,
20.20,0.389,-0.235,3.792,
20.22,0.385,-0.154,4.094,
20.24,0.383,-0.071,4.330,
20.26,0.382,0.020,4.476,
20.28,0.383,0.112,4.415,
20.30,0.387,0.201,4.107,
20.32,0.392,0.281,3.504,
20.34,0.398,0.344,2.734,
20.36,0.406,0.390,1.928,
20.38,0.414,0.421,1.063,
20.40,0.423,0.435,0.104,
20.42,0.432,0.426,-0.874,
20.44,0.440,0.397,-1.709,
20.46,0.448,0.357,-2.493,
20.48,0.455,0.298,-3.276,
20.50,0.460,0.222,-3.837,
20.52,0.464,0.140,-4.149,
20.54,0.466,0.054,-4.286,
20.56,0.466,-0.034,-4.250,
20.58,0.464,-0.120,-4.015,
20.60,0.461,-0.196,-3.692,
20.62,0.456,-0.267,-3.344,
20.64,0.450,-0.334,-2.776,
20.66,0.443,-0.382,-1.993,
20.68,0.435,-0.414,-1.136,
20.70,0.426,-0.429,-0.179,
20.72,0.417,-0.421,0.772,
20.74,0.409,-0.396,1.597,
20.76,0.401,-0.357,2.391,
20.78,0.394,-0.299,3.090,
20.80,0.389,-0.231,3.673,
20.82,0.385,-0.152,4.211,
20.84,0.383,-0.060,4.553,
20.86,0.382,0.037,4.535,
20.88,0.384,0.127,4.214,
20.90,0.388,0.206,3.804,
20.92,0.392,0.280,3.326,
20.94,0.399,0.342,2.692,
20.96,0.406,0.389,1.952,
20.98,0.415,0.421,1.118,
21.00,0.423,0.437,0.105,
21.02,0.433,0.428,-1.024,
21.04,0.441,0.393,-1.992,
21.06,0.448,0.343,-2.690,
21.08,0.455,0.283,-3.243,
21.10,0.460,0.212,-3.705,
21.12,0.463,0.134,-4.101,
21.14,0.466,0.046,-4.352,
21.16,0.465,-0.045,-4.336,
21.18,0.464,-0.130,-4.140,
21.20,0.460,-0.213,-3.749,
21.22,0.455,-0.282,-3.220,
21.24,0.449,-0.343,-2.624,
21.26,0.441,-0.389,-1.898,
21.28,0.433,-0.420,-1.094,
21.30,0.424,-0.436,-0.156,
21.32,0.415,-0.428,0.866,
21.34,0.406,-0.400,1.832,
21.36,0.399,-0.353,2.703,
21.38,0.392,-0.290,3.463,
21.40,0.387,-0.210,3.981,
21.42,0.384,-0.125,4.201,
21.44,0.382,-0.043,4.383,
21.46,0.382,0.050,4.499,
21.48,0.384,0.143,4.322,
21.50,0.388,0.227,3.929,
21.52,0.393,0.302,3.404,
21.54,0.400,0.367,2.659,
21.56,0.408,0.412,1.719,
21.58,0.417,0.435,0.765,
21.60,0.426,0.443,-0.232,
21.62,0.435,0.426,-1.221,
21.64,0.443,0.391,-2.065,
21.66,0.451,0.342,-2.829,
21.68,0.457,0.276,-3.447,
21.70,0.462,0.201,-3.895,
21.72,0.465,0.120,-4.286,
21.74,0.467,0.027,-4.474,
21.76,0.466,-0.066,-4.311,
21.78,0.464,-0.146,-4.058,
21.80,0.460,-0.228,-3.753,
21.82,0.455,-0.301,-3.200,
21.84,0.448,-0.358,-2.528,
21.86,0.440,-0.404,-1.767,
21.88,0.432,-0.430,-0.906,
21.90,0.423,-0.440,-0.016,
21.92,0.414,-0.433,0.961,
21.94,0.405,-0.402,1.952,
21.96,0.397,-0.352,2.826,
21.98,0.391,-0.287,3.551,
22.00,0.386,-0.208,4.131,
22.02,0.382,-0.117,4.477,
22.04,0.381,-0.024,4.537,
22.06,0.381,0.066,4.452,
22.08,0.384,0.156,4.239,
22.10,0.388,0.239,3.838,
22.12,0.393,0.312,3.286,
22.14,0.400,0.372,2.580,
22.16,0.409,0.416,1.754,
22.18,0.417,0.445,0.783,
22.20,0.427,0.451,-0.333,
22.22,0.436,0.431,-1.387,
22.24,0.444,0.391,-2.230,
22.26,0.452,0.337,-2.860,
22.28,0.458,0.277,-3.461,
22.30,0.463,0.201,-4.096,
22.32,0.466,0.109,-4.504,
22.34,0.467,0.014,-4.581,
22.36,0.467,-0.078,-4.419,
22.38,0.464,-0.165,-4.071,
22.40,0.460,-0.244,-3.568,
22.42,0.454,-0.308,-3.043,
22.44,0.447,-0.364,-2.532,
22.46,0.439,-0.413,-1.809,
22.48,0.431,-0.441,-0.854,
22.50,0.421,-0.448,0.183,
22.52,0.412,-0.434,1.225,
22.54,0.404,-0.398,2.194,
22.56,0.396,-0.342,2.972,
22.58,0.390,-0.275,3.527,
22.60,0.385,-0.201,4.008,
22.62,0.382,-0.114,4.416,
22.64,0.380,-0.021,4.640,
22.66,0.381,0.075,4.667,
22.68,0.383,0.169,4.458,
22.70,0.388,0.258,3.949,
22.72,0.394,0.332,3.194,
22.74,0.401,0.386,2.366,
22.76,0.410,0.426,1.514,
22.78,0.419,0.448,0.611,
22.80,0.428,0.452,-0.346,
22.82,0.437,0.436,-1.370,
22.84,0.446,0.396,-2.352,
22.86,0.453,0.338,-3.149,
22.88,0.459,0.267,-3.757,
22.90,0.464,0.185,-4.184,
22.92,0.467,0.096,-4.382,
22.94,0.468,0.008,-4.446,
22.96,0.467,-0.083,-4.426,
22.98,0.465,-0.173,-4.164,
23.00,0.460,-0.253,-3.662,
23.02,0.454,-0.321,-3.047,
23.04,0.447,-0.377,-2.325,
23.06,0.439,-0.416,-1.491,
23.08,0.430,-0.436,-0.652,
23.10,0.421,-0.442,0.183,
23.12,0.412,-0.431,1.098,
23.14,0.404,-0.399,2.045,
23.16,0.396,-0.348,2.920,
23.18,0.389,-0.280,3.651,
23.20,0.385,-0.199,4.204,
23.22,0.381,-0.109,4.593,
23.24,0.380,-0.012,4.789,
23.26,0.381,0.088,4.659,
23.28,0.384,0.179,4.242,
23.30,0.388,0.258,3.762,
23.32,0.394,0.330,3.220,
23.34,0.402,0.390,2.519,
23.36,0.410,0.435,1.592,
23.38,0.419,0.457,0.456,
23.40,0.429,0.452,-0.660,
23.42,0.438,0.428,-1.611,
23.44,0.446,0.386,-2.407,
23.46,0.453,0.329,-3.061,
23.48,0.459,0.261,-3.609,
23.50,0.464,0.185,-4.117,
23.52,0.467,0.094,-4.451,
23.54,0.468,0.002,-4.517,
23.56,0.467,-0.088,-4.448,
23.58,0.464,-0.180,-4.156,
23.60,0.460,-0.260,-3.599,
23.62,0.454,-0.323,-3.029,
23.64,0.447,-0.380,-2.462,
23.66,0.438,-0.426,-1.662,
23.68,0.429,-0.450,-0.660,
23.70,0.420,-0.453,0.400,
23.72,0.411,-0.433,1.398,
23.74,0.402,-0.394,2.248,
23.76,0.395,-0.342,3.025,
23.78,0.388,-0.272,3.701,
23.80,0.384,-0.191,4.201,
23.82,0.381,-0.103,4.577,
23.84,0.379,-0.006,4.789,
23.86,0.380,0.095,4.666,
23.88,0.383,0.187,4.239,
23.90,0.388,0.265,3.742,
23.92,0.394,0.337,3.177,
23.94,0.402,0.395,2.431,
23.96,0.410,0.436,1.555,
23.98,0.419,0.459,0.553,
24.00,0.429,0.461,-0.597,
24.02,0.438,0.434,-1.671,
24.04,0.447,0.389,-2.490,
24.06,0.454,0.332,-3.144,
24.08,0.460,0.264,-3.751,
24.10,0.465,0.180,-4.218,
24.12,0.467,0.091,-4.456,
24.14,0.468,0.000,-4.583,
24.16,0.467,-0.096,-4.490,
24.18,0.465,-0.185,-4.096,
24.20,0.460,-0.262,-3.527,
24.22,0.454,-0.326,-2.896,
24.24,0.447,-0.379,-2.221,
24.26,0.438,-0.415,-1.513,
24.28,0.430,-0.441,-0.727,
24.30,0.420,-0.448,0.244,
24.32,0.412,-0.432,1.283,
24.34,0.403,-0.396,2.266,
24.36,0.395,-0.340,3.143,
24.38,0.389,-0.266,3.791,
24.40,0.385,-0.183,4.169,
24.42,0.382,-0.098,4.424,
24.44,0.381,-0.006,4.606,
24.46,0.381,0.089,4.602,
24.48,0.384,0.182,4.357,
24.50,0.389,0.269,3.817,
24.52,0.395,0.337,3.099,
24.54,0.402,0.393,2.310,
24.56,0.411,0.433,1.348,
24.58,0.420,0.448,0.349,
24.60,0.429,0.445,-0.574,
24.62,0.438,0.426,-1.529,
24.64,0.447,0.383,-2.401,
24.66,0.454,0.327,-3.098,
24.68,0.460,0.259,-3.761,
24.70,0.464,0.174,-4.268,
24.72,0.467,0.084,-4.507,
24.74,0.468,-0.010,-4.530,
24.76,0.467,-0.101,-4.338,
24.78,0.464,-0.187,-3.960,
24.80,0.459,-0.260,-3.532,
24.82,0.453,-0.327,-3.110,
24.84,0.446,-0.388,-2.466,
24.86,0.437,-0.431,-1.542,
24.88,0.428,-0.452,-0.493,
24.90,0.419,-0.450,0.564,
24.92,0.410,-0.429,1.572,
24.94,0.401,-0.384,2.408,
24.96,0.394,-0.328,3.037,
24.98,0.388,-0.263,3.659,
25.00,0.384,-0.182,4.251,
25.02,0.381,-0.090,4.655,
25.04,0.380,0.009,4.752,
25.06,0.381,0.106,4.521,
25.08,0.384,0.192,4.148,
25.10,0.389,0.272,3.711,
25.12,0.395,0.344,3.074,
25.14,0.403,0.399,2.228,
25.16,0.411,0.433,1.364,
25.18,0.421,0.453,0.464,
25.20,0.430,0.455,-0.604,
25.22,0.439,0.431,-1.733,
25.24,0.448,0.381,-2.650,
25.26,0.455,0.320,-3.306,
25.28,0.460,0.247,-3.818,
25.30,0.465,0.165,-4.191,
25.32,0.467,0.077,-4.404,
25.34,0.468,-0.012,-4.495,
25.36,0.467,-0.104,-4.451,
25.38,0.464,-0.196,-4.110,
25.40,0.459,-0.274,-3.508,
25.42,0.452,-0.335,-2.904,
25.44,0.445,-0.390,-2.249,
25.46,0.436,-0.429,-1.408,
25.48,0.428,-0.447,-0.496,
25.50,0.418,-0.450,0.495,
25.52,0.409,-0.428,1.501,
25.54,0.401,-0.389,2.441,
25.56,0.393,-0.331,3.353,
25.58,0.387,-0.251,4.033,
25.60,0.383,-0.163,4.376,
25.62,0.381,-0.073,4.540,
25.64,0.380,0.021,4.558,
25.66,0.382,0.112,4.433,
25.68,0.385,0.199,4.213,
25.70,0.390,0.284,3.768,
25.72,0.396,0.355,3.013,
25.74,0.404,0.407,2.105,
25.76,0.413,0.440,1.142,
25.78,0.422,0.452,0.172,
25.80,0.431,0.447,-0.807,
25.82,0.440,0.419,-1.721,
25.84,0.448,0.375,-2.465,
25.86,0.455,0.321,-3.222,
25.88,0.462,0.247,-3.966,
25.90,0.466,0.157,-4.425,
25.92,0.468,0.065,-4.592,
25.94,0.468,-0.029,-4.553,
25.96,0.467,-0.121,-4.320,
25.98,0.463,-0.205,-3.904,
26.00,0.458,-0.277,-3.429,
26.02,0.452,-0.342,-2.953,
26.04,0.444,-0.399,-2.280,
26.06,0.436,-0.437,-1.363,
26.08,0.427,-0.455,-0.324,
26.10,0.417,-0.450,0.726,
26.12,0.408,-0.425,1.680,
26.14,0.400,-0.381,2.508,
26.16,0.393,-0.322,3.219,
26.18,0.387,-0.251,3.855,
26.20,0.383,-0.167,4.395,
26.22,0.380,-0.073,4.742,
26.24,0.380,0.029,4.751,
26.26,0.381,0.123,4.458,
26.28,0.385,0.208,4.066,
26.30,0.390,0.287,3.572,
26.32,0.396,0.353,2.930,
26.34,0.404,0.405,2.180,
26.36,0.413,0.443,1.280,
26.38,0.422,0.461,0.180,
26.40,0.432,0.451,-0.965,
26.42,0.441,0.417,-1.889,
26.44,0.448,0.371,-2.595,
26.46,0.456,0.313,-3.236,
26.48,0.461,0.241,-3.791,
26.50,0.465,0.161,-4.281,
26.52,0.468,0.068,-4.655,
26.54,0.468,-0.032,-4.684,
26.56,0.466,-0.126,-4.349,
26.58,0.463,-0.208,-3.851,
26.60,0.458,-0.278,-3.382,
26.62,0.452,-0.345,-2.834,
26.64,0.444,-0.395,-2.126,
26.66,0.436,-0.430,-1.338,
26.68,0.426,-0.451,-0.375,
26.70,0.417,-0.448,0.697,
26.72,0.408,-0.422,1.725,
26.74,0.400,-0.377,2.635,
26.76,0.393,-0.314,3.367,
26.78,0.387,-0.237,3.847,
26.80,0.383,-0.157,4.132,
26.82,0.381,-0.074,4.445,
26.84,0.380,0.021,4.689,
26.86,0.382,0.119,4.647,
26.88,0.385,0.213,4.260,
26.90,0.391,0.292,3.664,
26.92,0.397,0.361,2.968,
26.94,0.405,0.415,2.047,
26.96,0.414,0.445,1.013,
26.98,0.423,0.455,-0.007,
27.00,0.433,0.444,-0.996,
27.02,0.441,0.413,-1.844,
27.04,0.449,0.369,-2.623,
27.06,0.456,0.309,-3.407,
27.08,0.462,0.230,-4.018,
27.10,0.466,0.143,-4.369,
27.12,0.468,0.052,-4.491,
27.14,0.468,-0.039,-4.411,
27.16,0.466,-0.127,-4.202,
27.18,0.463,-0.209,-3.879,
27.20,0.458,-0.284,-3.402,
27.22,0.451,-0.347,-2.779,
27.24,0.443,-0.397,-2.040,
27.26,0.435,-0.432,-1.134,
27.28,0.426,-0.443,-0.181,
27.30,0.417,-0.437,0.675,
27.32,0.408,-0.418,1.612,
27.34,0.400,-0.373,2.568,
27.36,0.393,-0.311,3.332,
27.38,0.387,-0.238,3.957,
27.40,0.383,-0.151,4.426,
27.42,0.381,-0.056,4.619,
27.44,0.381,0.038,4.530,
27.46,0.383,0.127,4.299,
27.48,0.386,0.211,3.980,
27.50,0.391,0.288,3.530,
27.52,0.398,0.355,2.911,
27.54,0.406,0.409,2.038,
27.56,0.414,0.440,0.971,
27.58,0.424,0.447,-0.091,
27.60,0.433,0.435,-1.071,
27.62,0.441,0.403,-1.935,
27.64,0.449,0.355,-2.658,
27.66,0.456,0.295,-3.271,
27.68,0.461,0.222,-3.768,
27.70,0.465,0.143,-4.186,
27.72,0.467,0.054,-4.514,
27.74,0.467,-0.042,-4.563,
27.76,0.465,-0.134,-4.273,
27.78,0.461,-0.216,-3.774,
27.80,0.456,-0.287,-3.160,
27.82,0.450,-0.342,-2.582,
27.84,0.442,-0.389,-2.055,
27.86,0.434,-0.428,-1.313,
27.88,0.425,-0.447,-0.261,
27.90,0.416,-0.439,0.860,
27.92,0.407,-0.410,1.838,
27.94,0.399,-0.365,2.726,
27.96,0.392,-0.298,3.453,
27.98,0.387,-0.222,3.916,
28.00,0.383,-0.141,4.276,
28.02,0.381,-0.050,4.557,
28.04,0.381,0.045,4.632,
28.06,0.383,0.139,4.477,
28.08,0.387,0.227,4.128,
28.10,0.392,0.309,3.492,
28.12,0.399,0.371,2.599,
28.14,0.407,0.413,1.659,
28.16,0.416,0.437,0.720,
28.18,0.425,0.442,-0.193,
28.20,0.434,0.430,-1.088,
28.22,0.443,0.397,-1.918,
28.24,0.450,0.352,-2.693,
28.26,0.457,0.290,-3.461,
28.28,0.462,0.210,-4.044,
28.30,0.466,0.124,-4.377,
28.32,0.467,0.032,-4.493,
28.34,0.467,-0.060,-4.365,
28.36,0.465,-0.146,-4.036,
28.38,0.461,-0.222,-3.667,
28.40,0.456,-0.292,-3.294,
28.42,0.449,-0.357,-2.731,
28.44,0.441,-0.405,-1.946,
28.46,0.433,-0.438,-0.985,
28.48,0.423,-0.445,0.037,
28.50,0.415,-0.436,1.034,
28.52,0.406,-0.403,1.981,
28.54,0.398,-0.353,2.739,
28.56,0.391,-0.293,3.410,
28.58,0.386,-0.216,4.009,
28.60,0.383,-0.128,4.364,
28.62,0.381,-0.038,4.541,
28.64,0.381,0.054,4.635,
28.66,0.383,0.152,4.447,
28.68,0.387,0.238,3.907,
28.70,0.393,0.309,3.253,
28.72,0.400,0.369,2.539,
28.74,0.408,0.412,1.737,
28.76,0.416,0.439,0.864,
28.78,0.426,0.450,-0.159,
28.80,0.435,0.436,-1.293,
28.82,0.443,0.395,-2.265,
28.84,0.451,0.340,-2.963,
28.86,0.457,0.274,-3.483,
28.88,0.462,0.199,-3.873,
28.90,0.465,0.119,-4.225,
28.92,0.467,0.029,-4.500,
28.94,0.466,-0.066,-4.491,
28.96,0.464,-0.156,-4.164,
28.98,0.460,-0.237,-3.612,
29.00,0.454,-0.302,-2.975,
29.02,0.448,-0.353,-2.432,
29.04,0.440,-0.399,-1.875,
29.06,0.432,-0.434,-1.027,
29.08,0.423,-0.444,0.032,
29.10,0.414,-0.432,1.081,
29.12,0.405,-0.399,2.060,
29.14,0.397,-0.348,2.923,
29.16,0.391,-0.280,3.628,
29.18,0.386,-0.199,4.108,
29.20,0.383,-0.112,4.348,
29.22,0.381,-0.023,4.456,
29.24,0.382,0.068,4.444,
29.26,0.384,0.157,4.292,
29.28,0.388,0.245,3.870,
29.30,0.394,0.317,3.155,
29.32,0.401,0.371,2.394,
29.34,0.409,0.413,1.605,
29.36,0.418,0.437,0.699,
29.38,0.427,0.442,-0.279,
29.40,0.436,0.427,-1.308,
29.42,0.444,0.389,-2.287,
29.44,0.452,0.332,-3.044,
29.46,0.458,0.263,-3.579,
29.48,0.462,0.187,-3.989,
29.50,0.465,0.103,-4.292,
29.52,0.467,0.011,-4.366,
29.54,0.466,-0.077,-4.189,
29.56,0.463,-0.157,-3.918,
29.58,0.459,-0.234,-3.603,
29.60,0.454,-0.304,-3.137,
29.62,0.447,-0.362,-2.475,
29.64,0.439,-0.406,-1.638,
29.66,0.431,-0.430,-0.666,
29.68,0.422,-0.433,0.310,
29.70,0.413,-0.415,1.166,
29.72,0.405,-0.385,1.962,
29.74,0.397,-0.338,2.762,
29.76,0.391,-0.273,3.463,
29.78,0.386,-0.197,4.020,
29.80,0.383,-0.110,4.411,
29.82,0.382,-0.017,4.590,
29.84,0.382,0.079,4.492,
29.86,0.385,0.168,4.118,
29.88,0.389,0.245,3.629,
29.90,0.395,0.314,3.068,
29.92,0.402,0.369,2.406,
29.94,0.410,0.411,1.641,
29.96,0.419,0.439,0.640,
29.98,0.428,0.440,-0.529,
30.00,0.437,0.415,-1.543,
30.02,0.445,0.374,-2.316,
30.04,0.452,0.320,-2.943,
30.06,0.458,0.255,-3.474,
30.08,0.462,0.181,-3.970,
30.10,0.465,0.093,-4.289,
30.12,0.466,0.004,-4.322,
30.14,0.465,-0.081,-4.228,
30.16,0.463,-0.168,-3.931,
30.18,0.458,-0.243,-3.410,
30.20,0.453,-0.305,-2.826,
30.22,0.446,-0.355,-2.238,
30.24,0.438,-0.395,-1.605,
30.26,0.430,-0.423,-0.793,
30.28,0.421,-0.430,0.184,
30.30,0.412,-0.415,1.179,
30.32,0.404,-0.381,2.104,
30.34,0.397,-0.330,2.930,
30.36,0.391,-0.262,3.626,
30.38,0.386,-0.180,4.053,
30.40,0.384,-0.097,4.266,
30.42,0.382,-0.009,4.398,
30.44,0.383,0.083,4.332,
30.46,0.386,0.167,4.090,
30.48,0.390,0.248,3.715,
30.50,0.396,0.320,3.084,
30.52,0.403,0.376,2.216,
30.54,0.411,0.409,1.319,
30.56,0.420,0.428,0.435,
30.58,0.428,0.427,-0.494,
30.60,0.437,0.407,-1.363,
30.62,0.445,0.373,-2.205,
30.64,0.452,0.319,-3.055,
30.66,0.458,0.247,-3.688,
30.68,0.462,0.167,-4.033,
30.70,0.465,0.082,-4.194,
30.72,0.466,-0.003,-4.239,
30.74,0.465,-0.089,-4.166,
30.76,0.462,-0.173,-3.900,
30.78,0.458,-0.248,-3.451,
30.80,0.452,-0.312,-2.884,
30.82,0.445,-0.365,-2.201,
30.84,0.437,-0.402,-1.390,
30.86,0.429,-0.423,-0.460,
30.88,0.420,-0.422,0.517,
30.90,0.411,-0.399,1.375,
30.92,0.404,-0.364,2.091,
30.94,0.397,-0.316,2.790,
30.96,0.391,-0.252,3.463,
30.98,0.386,-0.176,4.025,
31.00,0.384,-0.088,4.393,
31.02,0.383,0.003,4.539,
31.04,0.384,0.098,4.394,
31.06,0.387,0.184,3.965,
31.08,0.391,0.257,3.475,
31.10,0.397,0.324,2.904,
31.12,0.404,0.376,2.174,
31.14,0.412,0.412,1.372,
31.16,0.421,0.434,0.387,
31.18,0.430,0.431,-0.759,
31.20,0.439,0.401,-1.752,
31.22,0.446,0.355,-2.430,
31.24,0.453,0.299,-2.767,
31.26,0.459,0.239,-2.766,
31.28,0.463,0.182,-2.493,
31.30,0.465,0.143,-2.196,
