"Time","Potential","Position","Velocity","Acceleration"
0.01,2.375,,,
0.02,0.946,0.350,0.139,3.616
0.03,2.370,,,
0.04,2.370,0.352,0.201,4.301
0.05,2.375,,,
0.06,2.375,0.357,0.297,5.057
0.07,2.375,,,
0.08,2.375,0.364,0.415,5.273
0.09,2.370,,,
0.10,2.375,0.373,0.523,4.711
0.11,2.375,,,
0.12,2.370,0.385,0.609,3.730
0.13,2.375,,,
0.14,2.375,0.398,0.674,2.569
0.15,2.375,,,
0.16,2.375,0.412,0.715,1.209
0.17,2.370,,,
0.18,2.375,0.427,0.726,-0.324
0.19,2.375,,,
0.20,2.375,0.442,0.701,-1.793
0.21,2.370,,,
0.22,2.375,0.456,0.648,-2.972
0.23,2.375,,,
0.24,2.375,0.468,0.579,-3.991
0.25,2.370,,,
0.26,2.370,0.479,0.490,-5.005
0.27,2.375,,,
0.28,2.375,0.488,0.377,-5.856
0.29,2.370,,,
0.30,2.375,0.494,0.248,-6.300
0.31,2.375,,,
0.32,2.375,0.498,0.119,-6.443
0.33,2.375,,,
0.34,2.375,0.499,-0.009,-6.562
0.35,2.370,,,
0.36,2.375,0.498,-0.143,-6.586
0.37,2.375,,,
0.38,2.370,0.494,-0.279,-6.242
0.39,2.375,,,
0.40,2.370,0.486,-0.401,-5.496
0.41,2.375,,,
0.42,2.375,0.477,-0.500,-4.636
0.43,2.370,,,
0.44,2.375,0.466,-0.585,-3.805
0.45,2.370,,,
0.46,2.375,0.453,-0.655,-2.825
0.47,2.375,,,
0.48,2.370,0.440,-0.702,-1.624
0.49,2.375,,,
0.50,2.375,0.425,-0.723,-0.225
0.51,2.375,,,
0.52,2.375,0.410,-0.710,1.163
0.53,2.375,,,
0.54,2.375,0.396,-0.673,2.396
0.55,2.375,,,
0.56,2.370,0.383,-0.615,3.651
0.57,2.375,,,
0.58,2.370,0.371,-0.528,4.899
0.59,2.370,,,
0.60,2.375,0.361,-0.415,5.896
0.61,2.375,,,
0.62,2.375,0.354,-0.285,6.519
0.63,2.375,,,
0.64,2.370,0.350,-0.151,6.905
0.65,2.370,,,
0.66,1.006,0.348,-0.008,7.143
0.67,2.370,,,
0.68,2.370,0.349,0.141,7.053
0.69,2.375,,,
0.70,2.375,0.354,0.281,6.578
0.71,2.375,,,
0.72,2.375,0.361,0.407,5.895
0.73,2.375,,,
0.74,2.375,0.370,0.519,5.064
0.75,2.375,,,
0.76,2.370,0.382,0.612,4.057
0.77,2.375,,,
0.78,2.375,0.395,0.686,2.792
0.79,2.375,,,
0.80,2.370,0.410,0.728,1.310
0.81,2.375,,,
0.82,2.375,0.425,0.737,-0.140
0.83,2.375,,,
0.84,2.370,0.440,0.720,-1.475
0.85,2.375,,,
0.86,2.375,0.454,0.676,-2.693
0.87,2.370,,,
0.88,2.370,0.467,0.612,-3.890
0.89,2.375,,,
0.90,2.375,0.479,0.519,-5.014
0.91,2.375,,,
0.92,2.375,0.488,0.407,-5.866
0.93,2.375,,,
0.94,2.375,0.496,0.281,-6.450
0.95,2.375,,,
0.96,2.375,0.500,0.139,-6.550
0.97,2.375,,,
0.98,2.375,0.501,0.017,-6.529
0.99,2.375,,,
1.00,2.375,0.501,-0.114,-6.757
1.01,2.375,,,
1.02,2.375,0.496,-0.261,-6.553
1.03,2.370,,,
1.04,2.375,0.490,-0.387,-5.799
1.05,2.375,,,
1.06,2.375,0.481,-0.495,-4.874
1.07,2.375,,,
1.08,2.375,0.470,-0.581,-3.973
1.09,2.370,,,
1.10,2.375,0.457,-0.653,-3.075
1.11,2.375,,,
1.12,2.375,0.443,-0.709,-1.888
1.13,2.370,,,
1.14,2.375,0.428,-0.735,-0.413
1.15,2.375,,,
1.16,2.375,0.413,-0.724,1.011
1.17,2.375,,,
1.18,2.375,0.399,-0.689,2.228
1.19,2.370,,,
1.20,2.370,0.385,-0.637,3.476
1.21,2.375,,,
1.22,2.375,0.373,-0.551,4.711
1.23,2.375,,,
1.24,2.370,0.363,-0.443,5.683
1.25,2.375,,,
1.26,2.375,0.355,-0.321,6.467
1.27,2.375,,,
1.28,2.375,0.350,-0.180,6.973
1.29,2.370,,,
1.30,0.926,0.348,-0.035,7.093
1.31,2.375,,,
1.32,2.375,0.348,0.107,7.014
1.33,2.375,,,
1.34,2.370,0.352,0.247,6.776
1.35,2.375,,,
1.36,2.375,0.358,0.381,6.324
1.37,2.375,,,
1.38,2.375,0.367,0.506,5.517
1.39,2.375,,,
1.40,2.375,0.379,0.608,4.313
1.41,2.370,,,
1.42,2.375,0.392,0.681,2.942
1.43,2.375,,,
1.44,2.375,0.407,0.726,1.555
1.45,2.375,,,
1.46,2.375,0.422,0.743,0.180
1.47,2.370,,,
1.48,2.375,0.437,0.734,-1.234
1.49,2.375,,,
1.50,2.370,0.452,0.694,-2.642
1.51,2.375,,,
1.52,2.375,0.465,0.625,-3.887
1.53,2.375,,,
1.54,2.375,0.477,0.535,-4.920
1.55,2.375,,,
1.56,2.375,0.487,0.424,-5.629
1.57,2.370,,,
1.58,2.375,0.494,0.302,-5.972
1.59,2.375,,,
1.60,2.370,0.499,0.181,-6.194
1.61,2.375,,,
1.62,2.370,0.501,0.073,-7.088
1.63,2.375,,,
1.64,2.375,0.503,-0.103,-7.797
1.65,2.370,,,
1.66,2.375,0.497,-0.278,-6.783
1.67,2.370,,,
1.68,2.375,0.490,-0.377,-5.548
1.69,2.375,,,
1.70,2.370,0.482,-0.481,-5.007
1.71,2.375,,,
1.72,2.375,0.471,-0.582,-4.296
1.73,2.370,,,
1.74,2.375,0.458,-0.661,-3.223
1.75,2.370,,,
1.76,2.375,0.444,-0.714,-1.927
1.77,2.370,,,
1.78,2.375,0.429,-0.741,-0.485
1.79,2.370,,,
1.80,2.375,0.414,-0.733,0.947
1.81,2.375,,,
1.82,2.375,0.400,-0.699,2.188
1.83,2.375,,,
1.84,2.375,0.386,-0.645,3.403
1.85,2.370,,,
1.86,2.375,0.373,-0.563,4.618
1.87,2.375,,,
1.88,2.375,0.363,-0.458,5.668
1.89,2.375,,,
1.90,2.370,0.355,-0.333,6.475
1.91,2.375,,,
1.92,2.375,0.349,-0.193,6.958
1.93,2.370,,,
1.94,0.941,0.347,-0.050,7.163
1.95,2.375,,,
1.96,2.370,0.347,0.096,7.168
1.97,2.370,,,
1.98,2.375,0.351,0.240,6.934
1.99,2.375,,,
2.00,2.375,0.357,0.378,6.418
2.01,2.375,,,
2.02,2.370,0.366,0.503,5.562
2.03,2.375,,,
2.04,2.370,0.378,0.606,4.375
2.05,2.375,,,
2.06,2.370,0.391,0.679,3.066
2.07,2.375,,,
2.08,2.370,0.405,0.727,1.768
2.09,2.370,,,
2.10,2.375,0.420,0.751,0.405
2.11,2.375,,,
2.12,2.375,0.436,0.746,-1.071
2.13,2.370,,,
2.14,2.375,0.451,0.709,-2.554
2.15,2.375,,,
2.16,2.375,0.465,0.641,-3.855
2.17,2.375,,,
2.18,2.375,0.477,0.551,-4.947
2.19,2.375,,,
2.20,2.370,0.487,0.440,-5.837
2.21,2.375,,,
2.22,2.375,0.494,0.316,-6.564
2.23,2.375,,,
2.24,2.375,0.500,0.169,-6.846
2.25,2.375,,,
2.26,2.375,0.501,0.031,-6.576
2.27,2.375,,,
2.28,2.375,0.501,-0.091,-6.369
2.29,2.375,,,
2.30,2.375,0.498,-0.220,-6.273
2.31,2.375,,,
2.32,2.375,0.492,-0.346,-5.969
2.33,2.375,,,
2.34,2.370,0.484,-0.464,-5.388
2.35,2.375,,,
2.36,2.375,0.473,-0.565,-4.569
2.37,2.375,,,
2.38,2.370,0.461,-0.651,-3.467
2.39,2.375,,,
2.40,2.375,0.447,-0.706,-2.208
2.41,2.370,,,
2.42,2.375,0.432,-0.740,-0.874
2.43,2.375,,,
2.44,2.370,0.417,-0.743,0.575
2.45,2.375,,,
2.46,2.370,0.402,-0.716,1.942
2.47,2.375,,,
2.48,2.370,0.388,-0.665,3.249
2.49,2.370,,,
2.50,2.375,0.375,-0.585,4.484
2.51,2.375,,,
2.52,2.375,0.364,-0.483,5.583
2.53,2.375,,,
2.54,2.370,0.355,-0.357,6.427
2.55,2.375,,,
2.56,2.370,0.349,-0.220,6.927
2.57,2.375,,,
2.58,1.012,0.346,-0.078,7.232
2.59,2.375,,,
2.60,2.370,0.346,0.072,7.348
2.61,2.370,,,
2.62,2.375,0.349,0.221,7.165
2.63,2.375,,,
2.64,2.370,0.355,0.363,6.660
2.65,2.370,,,
2.66,2.375,0.364,0.494,5.787
2.67,2.375,,,
2.68,2.375,0.375,0.600,4.610
2.69,2.370,,,
2.70,2.375,0.388,0.679,3.357
2.71,2.370,,,
2.72,2.370,0.403,0.734,2.055
2.73,2.375,,,
2.74,2.375,0.418,0.763,0.618
2.75,2.375,,,
2.76,2.375,0.434,0.762,-0.947
2.77,2.370,,,
2.78,2.375,0.449,0.726,-2.510
2.79,2.370,,,
2.80,2.375,0.463,0.658,-3.878
2.81,2.370,,,
2.82,2.370,0.476,0.566,-5.035
2.83,2.375,,,
2.84,2.370,0.486,0.455,-6.128
2.85,2.375,,,
2.86,2.375,0.494,0.328,-7.433
2.87,2.375,,,
2.88,2.375,0.500,0.158,-8.595
2.89,2.375,,,
2.90,2.375,0.501,-0.040,-8.550
2.91,2.375,,,
2.92,2.375,0.498,-0.203,-7.530
2.93,2.375,,,
2.94,2.375,0.492,-0.339,-6.441
2.95,2.375,,,
2.96,2.375,0.484,-0.459,-5.383
2.97,2.370,,,
2.98,2.375,0.474,-0.555,-4.321
2.99,2.370,,,
3.00,2.375,0.462,-0.630,-3.298
3.01,2.375,,,
3.02,2.370,0.448,-0.687,-2.245
3.03,2.375,,,
3.04,2.375,0.434,-0.725,-0.976
3.05,2.375,,,
3.06,2.375,0.419,-0.729,0.445
3.07,2.375,,,
3.08,2.375,0.404,-0.704,1.759
3.09,2.375,,,
3.10,2.370,0.390,-0.657,2.991
3.11,2.375,,,
3.12,2.375,0.377,-0.585,4.230
3.13,2.375,,,
3.14,2.375,0.366,-0.486,5.348
3.15,2.370,,,
3.16,2.375,0.358,-0.367,6.230
3.17,2.375,,,
3.18,2.375,0.352,-0.232,6.791
3.19,2.375,,,
3.20,2.375,0.348,-0.092,7.082
3.21,2.375,,,
3.22,1.022,0.348,0.055,7.105
3.23,2.370,,,
3.24,2.375,0.351,0.199,6.754
3.25,2.370,,,
3.26,2.375,0.356,0.329,6.186
3.27,2.375,,,
3.28,2.370,0.364,0.447,5.509
3.29,2.370,,,
3.30,2.375,0.374,0.552,4.658
3.31,2.375,,,
3.32,2.375,0.386,0.638,3.563
3.33,2.370,,,
3.34,2.375,0.400,0.698,2.238
3.35,2.370,,,
3.36,2.375,0.415,0.730,0.771
3.37,2.370,,,
3.38,2.375,0.430,0.730,-0.740
3.39,2.375,,,
3.40,2.370,0.444,0.698,-2.102
3.41,2.375,,,
3.42,2.375,0.458,0.642,-3.238
3.43,2.375,,,
3.44,2.375,0.470,0.565,-4.219
3.45,2.375,,,
3.46,2.370,0.481,0.473,-5.144
3.47,2.375,,,
3.48,2.375,0.490,0.360,-6.032
3.49,2.375,,,
3.50,2.370,0.496,0.224,-6.533
3.51,2.375,,,
3.52,2.375,0.498,0.091,-6.625
3.53,2.375,,,
3.54,2.375,0.499,-0.040,-6.648
3.55,2.375,,,
3.56,2.375,0.497,-0.177,-6.485
3.57,2.375,,,
3.58,2.370,0.492,-0.306,-5.981
3.59,2.375,,,
3.60,2.375,0.484,-0.420,-5.271
3.61,2.375,,,
3.62,2.375,0.475,-0.517,-4.521
3.63,2.370,,,
3.64,2.375,0.464,-0.602,-3.672
3.65,2.375,,,
3.66,2.375,0.451,-0.667,-2.624
3.67,2.375,,,
3.68,2.370,0.437,-0.708,-1.453
3.69,2.375,,,
3.70,2.375,0.422,-0.730,-0.056
3.71,2.370,,,
3.72,2.375,0.407,-0.715,1.531
3.73,2.370,,,
3.74,2.375,0.393,-0.664,2.908
3.75,2.375,,,
3.76,2.370,0.380,-0.593,4.006
3.77,2.375,,,
3.78,2.375,0.369,-0.503,5.010
3.79,2.375,,,
3.80,2.370,0.360,-0.392,5.891
3.81,2.375,,,
3.82,2.375,0.353,-0.264,6.466
3.83,2.375,,,
3.84,2.375,0.349,-0.121,6.213
3.85,2.375,,,
3.86,0.981,0.348,0.010,4.566
3.87,2.370,,,
3.88,2.375,0.350,0.092,1.540
3.89,2.375,,,
3.90,2.375,0.354,0.058,-0.791
3.91,2.370,,,
3.92,2.375,0.352,0.012,-0.845
3.93,2.375,,,
3.94,2.375,0.353,0.016,-0.239
3.95,2.370,,,
3.96,2.370,0.353,0.012,0.137
3.97,2.375,,,
3.98,2.375,0.354,0.020,0.596
3.99,2.375,,,
4.00,2.375,0.354,0.032,1.335
4.01,2.375,,,
4.02,2.375,0.355,0.062,2.660
4.03,2.375,,,
4.04,2.375,0.356,0.130,4.321
4.05,2.375,,,
4.06,2.370,0.359,0.244,5.485
4.07,2.375,,,
4.08,2.375,0.365,0.369,5.587
4.09,2.370,,,
4.10,2.375,0.374,0.481,4.823
4.11,2.375,,,
4.12,2.370,0.385,0.571,3.500
4.13,2.375,,,
4.14,2.370,0.398,0.624,1.973
4.15,2.375,,,
4.16,2.375,0.410,0.646,0.594
4.17,2.375,,,
4.18,2.375,0.424,0.646,-0.646
4.19,2.375,,,
4.20,2.375,0.437,0.619,-1.801
4.21,2.375,,,
4.22,2.375,0.449,0.571,-2.830
4.23,2.375,,,
4.24,2.370,0.460,0.507,-3.871
4.25,2.375,,,
4.26,2.375,0.469,0.417,-4.889
4.27,2.370,,,
4.28,2.375,0.477,0.306,-5.594
4.29,2.375,,,
4.30,2.375,0.482,0.187,-5.928
4.31,2.375,,,
4.32,2.370,0.484,0.064,-5.974
4.33,2.375,,,
4.34,2.370,0.484,-0.055,-5.835
4.35,2.375,,,
4.36,2.375,0.482,-0.172,-5.527
4.37,2.370,,,
4.38,2.375,0.477,-0.279,-5.039
4.39,2.375,,,
4.40,2.375,0.471,-0.375,-4.424
4.41,2.370,,,
4.42,2.375,0.462,-0.460,-3.574
4.43,2.375,,,
4.44,2.375,0.452,-0.521,-2.554
4.45,2.370,,,
4.46,2.375,0.441,-0.563,-1.449
4.47,2.370,,,
4.48,2.375,0.429,-0.580,-0.282
4.49,2.370,,,
4.50,1.093,0.417,-0.573,0.820
4.51,2.370,,,
4.52,2.375,0.406,-0.547,1.909
4.53,2.375,,,
4.54,2.375,0.395,-0.497,2.994
4.55,2.375,,,
4.56,2.375,0.386,-0.426,3.984
4.57,2.375,,,
4.58,2.375,0.378,-0.335,4.830
4.59,2.375,,,
4.60,2.370,0.372,-0.230,5.471
4.61,2.375,,,
4.62,2.370,0.368,-0.111,5.794
4.63,2.375,,,
4.64,2.375,0.367,0.008,5.770
4.65,2.370,,,
4.66,2.375,0.369,0.122,5.564
4.67,2.375,,,
4.68,2.370,0.372,0.233,5.199
4.69,2.375,,,
4.70,2.370,0.378,0.334,4.615
4.71,2.375,,,
4.72,2.375,0.386,0.420,3.850
4.73,2.370,,,
4.74,2.370,0.395,0.490,2.929
4.75,2.375,,,
4.76,2.375,0.406,0.539,1.863
4.77,2.375,,,
4.78,2.375,0.417,0.569,0.584
4.79,2.375,,,
4.80,2.375,0.429,0.566,-0.829
4.81,2.370,,,
4.82,2.375,0.440,0.531,-2.028
4.83,2.370,,,
4.84,2.375,0.451,0.479,-2.919
4.85,2.370,,,
4.86,2.375,0.460,0.413,-3.684
4.87,2.370,,,
4.88,2.375,0.467,0.330,-4.353
4.89,2.375,,,
4.90,2.380,0.473,0.238,-4.941
4.91,2.375,,,
4.92,2.375,0.477,0.131,-5.417
4.93,2.370,,,
4.94,2.375,0.479,0.015,-5.567
4.95,2.370,,,
4.96,2.375,0.478,-0.098,-5.336
4.97,2.375,,,
4.98,2.375,0.474,-0.202,-4.860
4.99,2.375,,,
5.00,2.375,0.469,-0.294,-4.278
5.01,2.375,,,
5.02,2.370,0.462,-0.373,-3.672
5.03,2.375,,,
5.04,2.370,0.454,-0.441,-3.027
5.05,2.375,,,
5.06,2.375,0.445,-0.498,-2.172
5.07,2.375,,,
5.08,2.375,0.434,-0.533,-1.052
5.09,2.375,,,
5.10,2.370,0.423,-0.542,0.162
5.11,2.375,,,
5.12,2.375,0.412,-0.524,1.256
5.13,2.370,,,
5.14,0.976,0.402,-0.488,2.176
5.15,2.375,,,
5.16,2.370,0.392,-0.437,3.094
5.17,2.375,,,
5.18,2.370,0.384,-0.365,4.025
5.19,2.375,,,
5.20,2.375,0.377,-0.274,4.805
5.21,2.370,,,
5.22,2.375,0.373,-0.169,5.333
5.23,2.375,,,
5.24,2.375,0.370,-0.055,5.529
5.25,2.370,,,
5.26,2.375,0.371,0.058,5.404
5.27,2.375,,,
5.28,2.370,0.373,0.163,5.139
5.29,2.375,,,
5.30,2.375,0.377,0.264,4.785
5.31,2.375,,,
5.32,2.375,0.384,0.357,4.260
5.33,2.375,,,
5.34,2.375,0.392,0.440,3.433
5.35,2.375,,,
5.36,2.375,0.402,0.500,2.326
5.37,2.375,,,
5.38,2.370,0.412,0.533,1.174
5.39,2.370,,,
5.40,2.370,0.423,0.546,0.039
5.41,2.375,,,
5.42,2.375,0.434,0.535,-1.088
5.43,2.375,,,
5.44,2.370,0.445,0.500,-2.094
5.45,2.375,,,
5.46,2.375,0.455,0.448,-2.954
5.47,2.375,,,
5.48,2.375,0.463,0.383,-3.808
5.49,2.370,,,
5.50,2.375,0.470,0.296,-4.620
5.51,2.375,,,
5.52,2.370,0.475,0.193,-5.136
5.53,2.375,,,
5.54,2.370,0.478,0.086,-5.349
5.55,2.375,,,
5.56,2.375,0.479,-0.024,-5.353
5.57,2.370,,,
5.58,2.375,0.477,-0.132,-5.122
5.59,2.370,,,
5.60,2.375,0.473,-0.232,-4.712
5.61,2.375,,,
5.62,2.370,0.468,-0.324,-4.122
5.63,2.375,,,
5.64,2.375,0.460,-0.399,-3.401
5.65,2.375,,,
5.66,2.375,0.451,-0.460,-2.637
5.67,2.370,,,
5.68,2.375,0.441,-0.507,-1.732
5.69,2.370,,,
5.70,2.375,0.431,-0.532,-0.675
5.71,2.375,,,
5.72,2.370,0.420,-0.535,0.458
5.73,2.375,,,
5.74,2.375,0.409,-0.513,1.568
5.75,2.375,,,
5.76,2.375,0.399,-0.471,2.590
5.77,2.370,,,
5.78,0.936,0.390,-0.407,3.440
5.79,2.370,,,
5.80,2.370,0.382,-0.329,4.070
5.81,2.375,,,
5.82,2.375,0.377,-0.243,4.614
5.83,2.375,,,
5.84,2.375,0.373,-0.145,5.105
5.85,2.370,,,
5.86,2.375,0.371,-0.036,5.415
5.87,2.370,,,
5.88,2.375,0.371,0.077,5.426
5.89,2.375,,,
5.90,2.370,0.374,0.187,5.098
5.91,2.375,,,
5.92,2.370,0.379,0.286,4.498
5.93,2.375,,,
5.94,2.370,0.385,0.368,3.789
5.95,2.370,,,
5.96,2.375,0.394,0.438,3.014
5.97,2.375,,,
5.98,2.375,0.403,0.490,2.143
5.99,2.375,,,
6.00,2.370,0.413,0.525,1.176
6.01,2.375,,,
6.02,2.375,0.424,0.539,0.085
6.03,2.375,,,
6.04,2.375,0.435,0.530,-1.106
6.05,2.375,,,
6.06,2.375,0.446,0.495,-2.250
6.07,2.375,,,
6.08,2.370,0.456,0.436,-3.171
6.09,2.375,,,
6.10,2.370,0.464,0.365,-3.909
6.11,2.370,,,
6.12,2.375,0.470,0.279,-4.553
6.13,2.375,,,
6.14,2.375,0.475,0.179,-4.974
6.15,2.375,,,
6.16,2.375,0.478,0.074,-5.078
6.17,2.375,,,
6.18,2.370,0.478,-0.025,-5.104
6.19,2.375,,,
6.20,2.370,0.477,-0.129,-5.119
6.21,2.375,,,
6.22,2.375,0.473,-0.235,-4.860
6.23,2.375,,,
6.24,2.375,0.467,-0.329,-4.286
6.25,2.375,,,
6.26,2.370,0.460,-0.409,-3.499
6.27,2.375,,,
6.28,2.370,0.450,-0.471,-2.574
6.29,2.375,,,
6.30,2.375,0.440,-0.514,-1.560
6.31,2.370,,,
6.32,2.375,0.429,-0.533,-0.571
6.33,2.375,,,
6.34,2.375,0.419,-0.535,0.339
6.35,2.370,,,
6.36,2.375,0.408,-0.521,1.320
6.37,2.375,,,
6.38,2.370,0.398,-0.484,2.404
6.39,2.375,,,
6.40,2.375,0.388,-0.424,3.435
6.41,2.370,,,
6.42,0.951,0.380,-0.343,4.256
6.43,2.375,,,
6.44,2.375,0.374,-0.251,4.907
6.45,2.375,,,
6.46,2.370,0.370,-0.143,5.340
6.47,2.375,,,
6.48,2.375,0.368,-0.032,5.453
6.49,2.375,,,
6.50,2.375,0.369,0.077,5.402
6.51,2.370,,,
6.52,2.375,0.371,0.186,5.226
6.53,2.370,,,
6.54,2.375,0.376,0.290,4.827
6.55,2.375,,,
6.56,2.375,0.383,0.383,4.199
6.57,2.370,,,
6.58,2.375,0.392,0.460,3.390
6.59,2.370,,,
6.60,2.375,0.402,0.520,2.444
6.61,2.375,,,
6.62,2.375,0.413,0.562,1.280
6.63,2.375,,,
6.64,2.375,0.425,0.576,-0.083
6.65,2.375,,,
6.66,2.370,0.437,0.557,-1.349
6.67,2.375,,,
6.68,2.370,0.447,0.516,-2.350
6.69,2.370,,,
6.70,2.375,0.457,0.460,-3.200
6.71,2.370,,,
6.72,2.375,0.466,0.388,-3.980
6.73,2.375,,,
6.74,2.370,0.473,0.299,-4.620
6.75,2.375,,,
6.76,2.370,0.478,0.200,-5.084
6.77,2.375,,,
6.78,2.375,0.481,0.094,-5.435
6.79,2.375,,,
6.80,2.375,0.482,-0.021,-5.583
6.81,2.370,,,
6.82,2.375,0.480,-0.135,-5.415
6.83,2.375,,,
6.84,2.375,0.477,-0.240,-5.030
6.85,2.375,,,
6.86,2.375,0.471,-0.338,-4.478
6.87,2.375,,,
6.88,2.375,0.463,-0.423,-3.715
6.89,2.370,,,
6.90,2.375,0.453,-0.489,-2.807
6.91,2.375,,,
6.92,2.375,0.443,-0.535,-1.899
6.93,2.375,,,
6.94,2.370,0.432,-0.566,-0.934
6.95,2.375,,,
6.96,2.375,0.420,-0.576,0.224
6.97,2.375,,,
6.98,2.375,0.408,-0.557,1.408
6.99,2.375,,,
7.00,2.375,0.397,-0.517,2.472
7.01,2.375,,,
7.02,2.375,0.387,-0.457,3.445
7.03,2.375,,,
7.04,2.370,0.379,-0.378,4.312
7.05,2.370,,,
7.06,0.920,0.372,-0.281,4.957
7.07,2.375,,,
7.08,2.375,0.368,-0.175,5.342
7.09,2.375,,,
7.10,2.375,0.365,-0.067,5.631
7.11,2.375,,,
7.12,2.375,0.365,0.052,5.769
7.13,2.375,,,
7.14,2.370,0.367,0.170,5.573
7.15,2.375,,,
7.16,2.375,0.372,0.279,5.140
7.17,2.375,,,
7.18,2.375,0.378,0.377,4.566
7.19,2.375,,,
7.20,2.375,0.387,0.464,3.809
7.21,2.375,,,
7.22,2.375,0.397,0.535,2.778
7.23,2.375,,,
7.24,2.370,0.409,0.579,1.529
7.25,2.370,,,
7.26,2.375,0.421,0.595,0.317
7.27,2.370,,,
7.28,2.375,0.433,0.590,-0.828
7.29,2.375,,,
7.30,2.370,0.445,0.561,-1.915
7.31,2.375,,,
7.32,2.375,0.456,0.513,-2.946
7.33,2.375,,,
7.34,2.375,0.466,0.444,-3.978
7.35,2.370,,,
7.36,2.375,0.474,0.351,-4.814
7.37,2.370,,,
7.38,2.375,0.480,0.246,-5.350
7.39,2.375,,,
7.40,2.375,0.484,0.132,-5.611
7.41,2.375,,,
7.42,2.370,0.485,0.017,-5.627
7.43,2.375,,,
7.44,2.375,0.484,-0.096,-5.467
7.45,2.375,,,
7.46,2.375,0.481,-0.202,-5.242
7.47,2.375,,,
7.48,2.375,0.476,-0.306,-4.939
7.49,2.370,,,
7.50,2.370,0.469,-0.404,-4.347
7.51,2.375,,,
7.52,2.375,0.460,-0.485,-3.474
7.53,2.375,,,
7.54,2.375,0.449,-0.545,-2.482
7.55,2.370,,,
7.56,2.375,0.438,-0.585,-1.422
7.57,2.375,,,
7.58,2.370,0.425,-0.604,-0.237
7.59,2.375,,,
7.60,2.375,0.413,-0.596,1.020
7.61,2.375,,,
7.62,2.370,0.401,-0.560,2.105
7.63,2.370,,,
7.64,2.375,0.390,-0.508,3.006
7.65,2.370,,,
7.66,2.375,0.381,-0.441,3.941
7.67,2.375,,,
7.68,2.370,0.372,-0.351,4.847
7.69,2.375,,,
7.70,0.905,0.366,-0.243,5.545
7.71,2.370,,,
7.72,2.375,0.363,-0.125,6.007
7.73,2.370,,,
7.74,2.375,0.361,0.000,6.231
7.75,2.375,,,
7.76,2.375,0.362,0.131,6.078
7.77,2.375,,,
7.78,2.375,0.367,0.250,5.541
7.79,2.375,,,
7.80,2.370,0.373,0.354,4.871
7.81,2.375,,,
7.82,2.375,0.381,0.445,4.166
7.83,2.375,,,
7.84,2.375,0.391,0.523,3.298
7.85,2.375,,,
7.86,2.370,0.402,0.581,2.214
7.87,2.375,,,
7.88,2.375,0.414,0.614,0.996
7.89,2.375,,,
7.90,2.375,0.427,0.621,-0.265
7.91,2.375,,,
7.92,2.375,0.440,0.602,-1.463
7.93,2.375,,,
7.94,2.375,0.452,0.561,-2.555
7.95,2.375,,,
7.96,2.370,0.462,0.499,-3.600
7.97,2.375,,,
7.98,2.375,0.472,0.416,-4.576
7.99,2.375,,,
8.00,2.375,0.479,0.311,-5.254
8.01,2.370,,,
8.02,2.375,0.484,0.200,-5.577
8.03,2.375,,,
8.04,2.375,0.487,0.086,-5.731
8.05,2.375,,,
8.06,2.375,0.488,-0.029,-5.864
8.07,2.375,,,
8.08,2.375,0.486,-0.151,-5.870
8.09,2.375,,,
8.10,2.375,0.482,-0.271,-5.502
8.11,2.375,,,
8.12,2.375,0.475,-0.375,-4.874
8.13,2.370,,,
8.14,2.375,0.467,-0.468,-4.049
8.15,2.375,,,
8.16,2.375,0.456,-0.540,-3.043
8.17,2.375,,,
8.18,2.375,0.445,-0.591,-1.969
8.19,2.375,,,
8.20,2.375,0.432,-0.619,-0.865
8.21,2.375,,,
8.22,2.375,0.420,-0.625,0.232
8.23,2.375,,,
8.24,2.375,0.407,-0.611,1.397
8.25,2.370,,,
8.26,2.375,0.395,-0.570,2.583
8.27,2.375,,,
8.28,2.375,0.384,-0.506,3.662
8.29,2.375,,,
8.30,2.370,0.374,-0.422,4.639
8.31,2.375,,,
8.32,2.375,0.366,-0.316,5.384
8.33,2.375,,,
8.34,0.981,0.361,-0.203,5.904
8.35,2.375,,,
8.36,2.375,0.358,-0.078,6.270
8.37,2.375,,,
8.38,2.375,0.358,0.053,6.317
8.39,2.375,,,
8.40,2.375,0.360,0.178,6.111
8.41,2.375,,,
8.42,2.370,0.365,0.300,5.702
8.43,2.375,,,
8.44,2.370,0.373,0.412,4.993
8.45,2.375,,,
8.46,2.375,0.382,0.503,4.100
8.47,2.375,,,
8.48,2.375,0.393,0.575,3.162
8.49,2.370,,,
8.50,2.375,0.405,0.633,1.997
8.51,2.375,,,
8.52,2.370,0.419,0.661,0.560
8.53,2.375,,,
8.54,2.375,0.432,0.655,-0.863
8.55,2.370,,,
8.56,2.375,0.445,0.622,-2.068
8.57,2.375,,,
8.58,2.370,0.457,0.570,-3.102
8.59,2.375,,,
8.60,2.370,0.469,0.498,-4.090
8.61,2.375,,,
8.62,2.370,0.478,0.403,-4.919
8.63,2.375,,,
8.64,2.375,0.485,0.299,-5.623
8.65,2.370,,,
8.66,2.375,0.490,0.178,-6.214
8.67,2.375,,,
8.68,2.370,0.492,0.043,-6.399
8.69,2.375,,,
8.70,2.370,0.492,-0.085,-6.222
8.71,2.370,,,
8.72,2.370,0.489,-0.207,-5.914
8.73,2.375,,,
8.74,2.375,0.483,-0.324,-5.436
8.75,2.370,,,
8.76,2.375,0.476,-0.429,-4.694
8.77,2.370,,,
8.78,2.375,0.466,-0.515,-3.762
8.79,2.375,,,
8.80,2.370,0.455,-0.578,-2.866
8.81,2.375,,,
8.82,2.370,0.443,-0.629,-1.965
8.83,2.375,,,
8.84,2.375,0.429,-0.663,-0.760
8.85,2.370,,,
8.86,2.375,0.415,-0.663,0.634
8.87,2.375,,,
8.88,2.375,0.402,-0.635,1.963
8.89,2.375,,,
8.90,2.370,0.390,-0.582,3.173
8.91,2.375,,,
8.92,2.375,0.379,-0.507,4.251
8.93,2.370,,,
8.94,2.375,0.369,-0.409,5.136
8.95,2.370,,,
8.96,2.375,0.362,-0.297,5.775
8.97,2.375,,,
8.98,0.986,0.357,-0.176,6.242
8.99,2.375,,,
9.00,2.375,0.355,-0.046,6.571
9.01,2.375,,,
9.02,2.375,0.355,0.091,6.672
9.03,2.370,,,
9.04,2.375,0.358,0.226,6.457
9.05,2.375,,,
9.06,2.375,0.364,0.355,5.870
9.07,2.375,,,
9.08,2.370,0.373,0.467,4.945
9.09,2.375,,,
9.10,2.370,0.383,0.555,3.894
9.11,2.375,,,
9.12,2.375,0.395,0.623,2.769
9.13,2.370,,,
9.14,2.375,0.409,0.668,1.519
9.15,2.375,,,
9.16,2.370,0.423,0.686,0.186
9.17,2.375,,,
9.18,2.370,0.437,0.675,-1.144
9.19,2.375,,,
9.20,2.370,0.450,0.638,-2.374
9.21,2.375,,,
9.22,2.370,0.462,0.580,-3.572
9.23,2.370,,,
9.24,2.375,0.474,0.496,-4.753
9.25,2.370,,,
9.26,2.375,0.483,0.385,-5.651
9.27,2.375,,,
9.28,2.370,0.489,0.263,-6.155
9.29,2.375,,,
9.30,2.370,0.493,0.132,-6.303
9.31,2.375,,,
9.32,2.375,0.494,0.008,-6.297
9.33,2.370,,,
9.34,2.370,0.494,-0.117,-6.321
9.35,2.375,,,
9.36,2.375,0.490,-0.250,-6.054
9.37,2.375,,,
9.38,2.370,0.483,-0.367,-5.394
9.39,2.370,,,
9.40,2.375,0.475,-0.466,-4.618
9.41,2.370,,,
9.42,2.375,0.465,-0.552,-3.771
9.43,2.370,,,
9.44,2.375,0.452,-0.621,-2.712
9.45,2.375,,,
9.46,2.370,0.439,-0.663,-1.512
9.47,2.375,,,
9.48,2.375,0.426,-0.684,-0.202
9.49,2.370,,,
9.50,2.375,0.411,-0.674,1.234
9.51,2.370,,,
9.52,2.375,0.398,-0.630,2.468
9.53,2.375,,,
9.54,2.370,0.386,-0.571,3.486
9.55,2.375,,,
9.56,2.375,0.375,-0.491,4.470
9.57,2.375,,,
9.58,2.375,0.366,-0.391,5.358
9.59,2.370,,,
9.60,2.375,0.359,-0.274,6.080
9.61,2.370,,,
9.62,0.956,0.355,-0.144,6.576
9.63,2.370,,,
9.64,2.370,0.353,-0.006,6.790
9.65,2.375,,,
9.66,2.370,0.355,0.132,6.711
9.67,2.375,,,
9.68,2.370,0.359,0.268,6.282
9.69,2.370,,,
9.70,2.375,0.366,0.389,5.539
9.71,2.370,,,
9.72,2.375,0.374,0.490,4.689
9.73,2.375,,,
9.74,2.375,0.385,0.577,3.768
9.75,2.375,,,
9.76,2.375,0.398,0.646,2.596
9.77,2.370,,,
9.78,2.375,0.412,0.683,1.268
9.79,2.370,,,
9.80,2.370,0.425,0.697,-0.110
9.81,2.370,,,
9.82,2.375,0.440,0.681,-1.551
9.83,2.375,,,
9.84,2.370,0.453,0.631,-2.813
9.85,2.375,,,
9.86,2.375,0.466,0.566,-3.926
9.87,2.370,,,
9.88,2.375,0.476,0.472,-4.883
9.89,2.375,,,
9.90,2.375,0.485,0.366,-5.575
9.91,2.375,,,
9.92,2.375,0.491,0.246,-6.050
9.93,2.375,,,
9.94,2.375,0.494,0.121,-6.352
9.95,2.375,,,
9.96,2.370,0.496,-0.010,-6.506
9.97,2.370,,,
9.98,2.375,0.494,-0.144,-6.354
9.99,2.370,,,
10.00,2.375,0.490,-0.267,-5.997
10.01,2.375,,,
10.02,2.375,0.483,-0.387,-5.428
10.03,2.375,,,
10.04,2.370,0.474,-0.490,-4.551
10.05,2.375,,,
10.06,2.375,0.463,-0.570,-3.593
10.07,2.375,,,
10.08,2.375,0.451,-0.632,-2.651
10.09,2.375,,,
10.10,2.375,0.438,-0.679,-1.565
10.11,2.375,,,
10.12,2.375,0.424,-0.700,-0.224
10.13,2.370,,,
10.14,2.375,0.409,-0.690,1.219
10.15,2.370,,,
10.16,2.375,0.396,-0.650,2.594
10.17,2.375,,,
10.18,2.370,0.383,-0.582,3.768
10.19,2.375,,,
10.20,2.375,0.372,-0.496,4.735
10.21,2.375,,,
10.22,2.375,0.363,-0.392,5.628
10.23,2.370,,,
10.24,2.375,0.356,-0.268,6.363
10.25,2.375,,,
10.26,0.976,0.352,-0.133,6.816
10.27,2.370,,,
10.28,2.375,0.351,0.008,7.009
10.29,2.375,,,
10.30,2.370,0.352,0.151,6.938
10.31,2.375,,,
10.32,2.375,0.357,0.290,6.585
10.33,2.370,,,
10.34,2.375,0.364,0.421,5.871
10.35,2.370,,,
10.36,2.375,0.374,0.531,4.822
10.37,2.375,,,
10.38,2.370,0.386,0.615,3.653
10.39,2.375,,,
10.40,2.375,0.399,0.678,2.417
10.41,2.375,,,
10.42,2.375,0.413,0.714,1.061
10.43,2.375,,,
10.44,2.375,0.428,0.721,-0.368
10.45,2.370,,,
10.46,2.375,0.443,0.699,-1.804
10.47,2.375,,,
10.48,2.370,0.456,0.648,-3.162
10.49,2.375,,,
10.50,2.375,0.469,0.570,-4.356
10.51,2.370,,,
10.52,2.375,0.480,0.469,-5.291
10.53,2.370,,,
10.54,2.375,0.488,0.354,-5.937
10.55,2.375,,,
10.56,2.370,0.494,0.230,-6.404
10.57,2.375,,,
10.58,2.375,0.497,0.093,-6.603
10.59,2.375,,,
10.60,2.375,0.497,-0.037,-6.613
10.61,2.370,,,
10.62,2.375,0.496,-0.171,-6.543
10.63,2.375,,,
10.64,2.375,0.491,-0.305,-6.128
10.65,2.380,,,
10.66,2.375,0.483,-0.422,-5.390
10.67,2.375,,,
10.68,2.375,0.474,-0.524,-4.459
10.69,2.375,,,
10.70,2.375,0.462,-0.602,-3.432
10.71,2.370,,,
10.72,2.375,0.449,-0.661,-2.350
10.73,2.380,,,
10.74,2.375,0.435,-0.699,-1.097
10.75,2.375,,,
10.76,2.370,0.421,-0.708,0.271
10.77,2.370,,,
10.78,2.375,0.407,-0.688,1.614
10.79,2.375,,,
10.80,2.375,0.393,-0.640,2.816
10.81,2.370,,,
10.82,2.370,0.381,-0.572,3.869
10.83,2.370,,,
10.84,2.375,0.370,-0.486,4.897
10.85,2.375,,,
10.86,2.370,0.361,-0.376,5.858
10.87,2.370,,,
10.88,2.370,0.354,-0.246,6.544
10.89,2.375,,,
10.90,0.951,0.351,-0.109,6.933
10.91,2.370,,,
10.92,2.370,0.350,0.033,7.140
10.93,2.375,,,
10.94,2.370,0.352,0.181,7.053
10.95,2.375,,,
10.96,2.370,0.357,0.323,6.535
10.97,2.375,,,
10.98,2.375,0.365,0.448,5.673
10.99,2.370,,,
11.00,2.375,0.375,0.552,4.608
11.01,2.370,,,
11.02,2.375,0.388,0.634,3.426
11.03,2.370,,,
11.04,2.375,0.401,0.691,2.139
11.05,2.375,,,
11.06,2.375,0.416,0.721,0.779
11.07,2.370,,,
11.08,2.375,0.430,0.721,-0.535
11.09,2.370,,,
11.10,2.375,0.445,0.700,-1.875
11.11,2.375,,,
11.12,2.375,0.459,0.648,-3.264
11.13,2.375,,,
11.14,2.370,0.471,0.566,-4.473
11.15,2.370,,,
11.16,2.375,0.482,0.465,-5.432
11.17,2.370,,,
11.18,2.375,0.490,0.345,-6.154
11.19,2.370,,,
11.20,2.375,0.496,0.213,-6.531
11.21,2.375,,,
11.22,2.370,0.499,0.079,-6.605
11.23,2.375,,,
11.24,2.375,0.499,-0.053,-6.571
11.25,2.375,,,
11.26,2.375,0.497,-0.185,-6.437
11.27,2.370,,,
11.28,2.375,0.492,-0.314,-6.063
11.29,2.370,,,
11.30,2.375,0.484,-0.433,-5.394
11.31,2.375,,,
11.32,2.370,0.474,-0.534,-4.484
11.33,2.370,,,
11.34,2.370,0.462,-0.614,-3.409
11.35,2.375,,,
11.36,2.375,0.449,-0.671,-2.258
11.37,2.370,,,
11.38,2.375,0.435,-0.706,-1.021
11.39,2.375,,,
11.40,2.370,0.420,-0.714,0.312
11.41,2.375,,,
11.42,2.370,0.406,-0.693,1.634
11.43,2.375,,,
11.44,2.375,0.392,-0.648,2.949
11.45,2.370,,,
11.46,2.370,0.380,-0.574,4.168
11.47,2.375,,,
11.48,2.370,0.369,-0.478,5.179
11.49,2.375,,,
11.50,2.370,0.360,-0.364,6.000
11.51,2.375,,,
11.52,2.370,0.354,-0.235,6.624
11.53,2.375,,,
11.54,0.956,0.351,-0.096,7.015
11.55,2.370,,,
11.56,2.370,0.350,0.051,7.066
11.57,2.370,,,
11.58,2.375,0.353,0.193,6.759
11.59,2.375,,,
11.60,2.370,0.358,0.325,6.227
11.61,2.375,,,
11.62,2.370,0.366,0.446,5.476
11.63,2.375,,,
11.64,2.375,0.376,0.548,4.503
11.65,2.375,,,
11.66,2.375,0.388,0.628,3.395
11.67,2.375,,,
11.68,2.375,0.402,0.684,2.195
11.69,2.375,,,
11.70,2.375,0.416,0.717,0.891
11.71,2.370,,,
11.72,2.375,0.431,0.724,-0.595
11.73,2.375,,,
11.74,2.375,0.446,0.694,-2.114
11.75,2.370,,,
11.76,2.375,0.459,0.634,-3.366
11.77,2.375,,,
11.78,2.370,0.471,0.555,-4.376
11.79,2.375,,,
11.80,2.380,0.481,0.458,-5.278
11.81,2.375,,,
11.82,2.375,0.490,0.343,-6.041
11.83,2.370,,,
11.84,2.375,0.496,0.208,-6.371
11.85,2.375,,,
11.86,2.370,0.498,0.084,-6.478
11.87,2.370,,,
11.88,2.375,0.499,-0.045,-6.771
11.89,2.375,,,
11.90,2.370,0.496,-0.194,-6.681
11.91,2.375,,,
11.92,2.375,0.491,-0.323,-6.080
11.93,2.370,,,
11.94,2.375,0.483,-0.437,-5.382
11.95,2.375,,,
11.96,2.370,0.473,-0.540,-4.502
11.97,2.375,,,
11.98,2.375,0.461,-0.621,-3.404
11.99,2.375,,,
12.00,2.375,0.448,-0.679,-2.170
12.01,2.375,,,
12.02,2.375,0.434,-0.708,-0.910
12.03,2.375,,,
12.04,2.375,0.419,-0.714,0.296
12.05,2.370,,,
12.06,2.375,0.405,-0.698,1.557
12.07,2.375,,,
12.08,2.375,0.391,-0.653,2.900
12.09,2.375,,,
12.10,2.375,0.378,-0.581,4.190
12.11,2.370,,,
12.12,2.375,0.367,-0.483,5.316
12.13,2.370,,,
12.14,2.375,0.359,-0.363,6.149
12.15,2.375,,,
12.16,2.370,0.353,-0.231,6.641
12.17,2.375,,,
12.18,0.992,0.349,-0.096,6.971
12.19,2.370,,,
12.20,2.375,0.349,0.049,7.135
12.21,2.370,,,
12.22,2.375,0.351,0.196,6.976
12.23,2.375,,,
12.24,2.370,0.357,0.334,6.507
12.25,2.375,,,
12.26,2.370,0.365,0.459,5.790
12.27,2.375,,,
12.28,2.375,0.375,0.570,4.787
12.29,2.370,,,
12.30,2.375,0.388,0.656,3.504
12.31,2.375,,,
12.32,2.370,0.402,0.712,2.091
12.33,2.370,,,
12.34,2.370,0.417,0.740,0.619
12.35,2.375,,,
12.36,2.370,0.432,0.737,-0.857
12.37,2.375,,,
12.38,2.375,0.447,0.704,-2.226
12.39,2.375,,,
12.40,2.375,0.461,0.645,-3.450
12.41,2.375,,,
12.42,2.375,0.473,0.566,-4.654
12.43,2.375,,,
12.44,2.375,0.484,0.458,-5.728
12.45,2.375,,,
12.46,2.370,0.492,0.330,-6.413
12.47,2.375,,,
12.48,2.375,0.497,0.195,-6.741
12.49,2.370,,,
12.50,2.375,0.499,0.056,-6.774
12.51,2.370,,,
12.52,2.375,0.499,-0.078,-6.645
12.53,2.370,,,
12.54,2.370,0.496,-0.212,-6.383
12.55,2.375,,,
12.56,2.375,0.491,-0.336,-5.979
12.57,2.375,,,
12.58,2.375,0.483,-0.453,-5.422
12.59,2.375,,,
12.60,2.375,0.472,-0.559,-4.528
12.61,2.375,,,
12.62,2.375,0.460,-0.638,-3.387
12.63,2.375,,,
12.64,2.370,0.446,-0.694,-2.179
12.65,2.375,,,
12.66,2.375,0.432,-0.727,-0.847
12.67,2.375,,,
12.68,2.375,0.417,-0.730,0.571
12.69,2.375,,,
12.70,2.370,0.402,-0.704,1.975
12.71,2.375,,,
12.72,2.370,0.388,-0.649,3.285
12.73,2.375,,,
12.74,2.370,0.376,-0.569,4.401
12.75,2.375,,,
12.76,2.375,0.365,-0.473,5.433
12.77,2.370,,,
12.78,2.375,0.357,-0.351,6.335
12.79,2.375,,,
12.80,2.370,0.351,-0.213,6.914
12.81,2.375,,,
12.82,0.986,0.348,-0.069,7.204
12.83,2.370,,,
12.84,2.380,0.348,0.079,7.233
12.85,2.375,,,
12.86,2.375,0.351,0.224,6.980
12.87,2.375,,,
12.88,2.375,0.357,0.364,6.375
12.89,2.375,,,
12.90,2.370,0.366,0.484,5.465
12.91,2.375,,,
12.92,2.375,0.377,0.584,4.428
12.93,2.375,,,
12.94,2.375,0.390,0.663,3.279
12.95,2.370,,,
12.96,2.375,0.404,0.718,1.967
12.97,2.375,,,
12.98,2.375,0.419,0.744,0.516
12.99,2.375,,,
13.00,2.370,0.434,0.738,-0.936
13.01,2.370,,,
13.02,2.370,0.449,0.705,-2.289
13.03,2.375,,,
13.04,2.370,0.463,0.647,-3.635
13.05,2.375,,,
13.06,2.375,0.475,0.558,-4.887
13.07,2.375,,,
13.08,2.370,0.485,0.447,-5.846
13.09,2.370,,,
13.10,2.370,0.493,0.316,-6.360
13.11,2.375,,,
13.12,2.375,0.498,0.186,-6.493
13.13,2.370,,,
13.14,2.375,0.501,0.058,-6.615
13.15,2.370,,,
13.16,2.370,0.500,-0.078,-6.715
13.17,2.375,,,
13.18,2.370,0.498,-0.216,-6.526
13.19,2.375,,,
13.20,2.370,0.492,-0.345,-6.016
13.21,2.375,,,
13.22,2.370,0.484,-0.460,-5.284
13.23,2.375,,,
13.24,2.375,0.473,-0.559,-4.345
13.25,2.375,,,
13.26,2.375,0.461,-0.637,-3.209
13.27,2.375,,,
13.28,2.370,0.447,-0.690,-1.932
13.29,2.375,,,
13.30,2.370,0.433,-0.715,-0.582
13.31,2.375,,,
13.32,2.375,0.418,-0.712,0.707
13.33,2.375,,,
13.34,2.375,0.404,-0.685,1.907
13.35,2.375,,,
13.36,2.375,0.390,-0.637,3.127
13.37,2.375,,,
13.38,2.375,0.378,-0.560,4.334
13.39,2.375,,,
13.40,2.375,0.368,-0.460,5.368
13.41,2.370,,,
13.42,2.375,0.359,-0.342,6.183
13.43,2.375,,,
13.44,2.375,0.354,-0.208,6.697
13.45,2.375,,,
13.46,0.992,0.351,-0.069,6.874
13.47,2.375,,,
13.48,2.375,0.351,0.070,6.850
13.49,2.375,,,
13.50,2.370,0.354,0.208,6.622
13.51,2.375,,,
13.52,2.375,0.359,0.339,6.142
13.53,2.375,,,
13.54,2.370,0.367,0.457,5.456
13.55,2.375,,,
13.56,2.375,0.378,0.560,4.559
13.57,2.375,,,
13.58,2.375,0.390,0.644,3.381
13.59,2.375,,,
13.60,2.375,0.404,0.699,1.973
13.61,2.370,,,
13.62,2.375,0.419,0.725,0.468
13.63,2.375,,,
13.64,2.375,0.434,0.717,-1.003
13.65,2.375,,,
13.66,2.375,0.448,0.681,-2.278
13.67,2.375,,,
13.68,2.375,0.461,0.624,-3.426
13.69,2.375,,,
13.70,2.375,0.473,0.544,-4.542
13.71,2.375,,,
13.72,2.375,0.483,0.440,-5.476
13.73,2.375,,,
13.74,2.370,0.491,0.320,-6.121
13.75,2.375,,,
13.76,2.375,0.496,0.190,-6.459
13.77,2.375,,,
13.78,2.375,0.498,0.058,-6.555
13.79,2.370,,,
13.80,2.375,0.499,-0.073,-6.561
13.81,2.375,,,
13.82,2.370,0.496,-0.207,-6.417
13.83,2.375,,,
13.84,2.375,0.490,-0.335,-6.000
13.85,2.375,,,
13.86,2.375,0.482,-0.450,-5.344
13.87,2.375,,,
13.88,2.375,0.472,-0.552,-4.443
13.89,2.375,,,
13.90,2.375,0.460,-0.632,-3.307
13.91,2.375,,,
13.92,2.375,0.446,-0.686,-2.064
13.93,2.375,,,
13.94,2.370,0.432,-0.715,-0.775
13.95,2.375,,,
13.96,2.375,0.417,-0.717,0.531
13.97,2.370,,,
13.98,2.375,0.403,-0.694,1.846
13.99,2.370,,,
14.00,2.370,0.389,-0.643,3.141
14.01,2.370,,,
14.02,2.375,0.377,-0.566,4.319
14.03,2.375,,,
14.04,2.370,0.366,-0.468,5.353
14.05,2.375,,,
14.06,2.375,0.358,-0.350,6.236
14.07,2.370,,,
14.08,2.375,0.352,-0.215,6.887
14.09,2.375,,,
14.10,0.986,0.349,-0.068,7.158
14.11,2.375,,,
14.12,2.370,0.349,0.077,7.052
14.13,2.375,,,
14.14,2.375,0.352,0.216,6.739
14.15,2.370,,,
14.16,2.375,0.358,0.350,6.237
14.17,2.375,,,
14.18,2.375,0.366,0.470,5.499
14.19,2.370,,,
14.20,2.375,0.377,0.573,4.555
14.21,2.375,,,
14.22,2.370,0.389,0.657,3.340
14.23,2.375,,,
14.24,2.370,0.404,0.711,1.879
14.25,2.375,,,
14.26,2.375,0.418,0.732,0.389
14.27,2.370,,,
14.28,2.375,0.433,0.725,-1.027
14.29,2.370,,,
14.30,2.375,0.448,0.689,-2.354
14.31,2.375,,,
14.32,2.370,0.461,0.629,-3.555
14.33,2.375,,,
14.34,2.375,0.473,0.545,-4.630
14.35,2.375,,,
14.36,2.375,0.483,0.439,-5.469
14.37,2.375,,,
14.38,2.370,0.491,0.325,-6.190
14.39,2.375,,,
14.40,2.370,0.497,0.193,-6.887
14.41,2.375,,,
14.42,2.375,0.499,0.038,-7.004
14.43,2.370,,,
14.44,2.375,0.498,-0.099,-6.545
14.45,2.375,,,
14.46,2.375,0.495,-0.219,-6.163
14.47,2.370,,,
14.48,2.375,0.489,-0.344,-5.782
14.49,2.375,,,
14.50,2.370,0.481,-0.456,-5.131
14.51,2.370,,,
14.52,2.375,0.471,-0.553,-4.225
14.53,2.370,,,
14.54,2.375,0.458,-0.628,-3.126
14.55,2.370,,,
14.56,2.375,0.445,-0.678,-2.002
14.57,2.370,,,
14.58,2.375,0.431,-0.710,-0.764
14.59,2.375,,,
14.60,2.375,0.416,-0.712,0.635
14.61,2.375,,,
14.62,2.375,0.402,-0.684,2.010
14.63,2.370,,,
14.64,2.375,0.389,-0.630,3.304
14.65,2.375,,,
14.66,2.375,0.376,-0.548,4.392
14.67,2.375,,,
14.68,2.370,0.366,-0.450,5.236
14.69,2.375,,,
14.70,2.375,0.358,-0.339,6.007
14.71,2.370,,,
14.72,2.375,0.353,-0.209,6.662
14.73,2.370,,,
14.74,0.996,0.350,-0.067,7.036
14.75,2.375,,,
14.76,2.370,0.350,0.078,7.095
14.77,2.375,,,
14.78,2.370,0.353,0.220,6.881
14.79,2.375,,,
14.80,2.375,0.359,0.359,6.327
14.81,2.375,,,
14.82,2.370,0.367,0.480,5.407
14.83,2.375,,,
14.84,2.375,0.378,0.577,4.347
14.85,2.375,,,
14.86,2.375,0.391,0.655,3.194
14.87,2.375,,,
14.88,2.370,0.405,0.707,1.878
14.89,2.375,,,
14.90,2.375,0.420,0.732,0.458
14.91,2.370,,,
14.92,2.370,0.435,0.726,-0.960
14.93,2.375,,,
14.94,2.370,0.449,0.691,-2.260
14.95,2.375,,,
14.96,2.370,0.463,0.633,-3.442
14.97,2.375,,,
14.98,2.375,0.475,0.553,-4.573
14.99,2.375,,,
15.00,2.375,0.485,0.449,-5.592
15.01,2.370,,,
15.02,2.375,0.493,0.323,-6.261
15.03,2.375,,,
15.04,2.370,0.498,0.192,-6.550
15.05,2.375,,,
15.06,2.375,0.501,0.061,-6.760
15.07,2.375,,,
15.08,2.375,0.501,-0.082,-6.769
15.09,2.370,,,
15.10,2.375,0.497,-0.216,-6.435
15.11,2.375,,,
15.12,2.375,0.492,-0.339,-6.003
15.13,2.375,,,
15.14,2.375,0.484,-0.459,-5.399
15.15,2.370,,,
15.16,2.370,0.473,-0.561,-4.504
15.17,2.375,,,
15.18,2.375,0.461,-0.642,-3.428
15.19,2.375,,,
15.20,2.375,0.447,-0.699,-2.244
15.21,2.375,,,
15.22,2.370,0.433,-0.734,-0.911
15.23,2.375,,,
15.24,2.370,0.417,-0.739,0.569
15.25,2.370,,,
15.26,2.375,0.402,-0.709,1.958
15.27,2.370,,,
15.28,2.375,0.389,-0.656,3.149
15.29,2.375,,,
15.30,2.375,0.376,-0.583,4.309
15.31,2.375,,,
15.32,2.370,0.365,-0.484,5.442
15.33,2.375,,,
15.34,2.375,0.356,-0.363,6.388
15.35,2.375,,,
15.36,2.375,0.350,-0.224,7.014
15.37,2.370,,,
15.38,0.946,0.347,-0.074,7.109
15.39,2.370,,,
15.40,2.370,0.347,0.073,6.509
15.41,2.375,,,
15.42,2.370,0.350,0.196,5.446
15.43,2.375,,,
15.44,2.370,0.356,0.284,4.717
15.45,2.375,,,
15.46,2.375,0.362,0.370,4.680
15.47,2.370,,,
15.48,2.375,0.370,0.472,4.598
15.49,2.375,,,
15.50,2.375,0.381,0.565,3.983
15.51,2.375,,,
15.52,2.375,0.393,0.638,2.972
15.53,2.375,,,
15.54,2.375,0.407,0.687,1.706
15.55,2.370,,,
15.56,2.375,0.421,0.709,0.276
15.57,2.370,,,
15.58,2.375,0.436,0.699,-1.203
15.59,2.375,,,
15.60,2.375,0.449,0.660,-2.627
15.61,2.375,,,
15.62,2.375,0.462,0.591,-3.869
15.63,2.375,,,
15.64,2.375,0.473,0.499,-4.792
15.65,2.370,,,
15.66,2.375,0.483,0.395,-5.476
15.67,2.375,,,
15.68,2.375,0.489,0.280,-6.056
15.69,2.375,,,
15.70,2.375,0.494,0.152,-6.508
15.71,2.370,,,
15.72,2.375,0.496,0.013,-6.639
15.73,2.370,,,
15.74,2.370,0.494,-0.121,-6.397
15.75,2.375,,,
15.76,2.375,0.491,-0.244,-5.992
15.77,2.370,,,
15.78,2.375,0.484,-0.361,-5.474
15.79,2.375,,,
15.80,2.370,0.476,-0.467,-4.751
15.81,2.375,,,
15.82,2.375,0.466,-0.556,-3.799
15.83,2.375,,,
15.84,2.375,0.453,-0.619,-2.777
15.85,2.375,,,
15.86,2.375,0.441,-0.666,-1.717
15.87,2.375,,,
15.88,2.375,0.426,-0.692,-0.443
15.89,2.375,,,
15.90,2.370,0.412,-0.687,0.982
15.91,2.375,,,
15.92,2.375,0.399,-0.652,2.383
15.93,2.375,,,
15.94,2.375,0.386,-0.590,3.695
15.95,2.370,,,
15.96,2.375,0.374,-0.502,4.848
15.97,2.375,,,
15.98,2.375,0.365,-0.390,5.653
15.99,2.370,,,
16.00,2.370,0.359,-0.270,6.107
16.01,2.375,,,
16.02,0.971,0.355,-0.146,6.487
16.03,2.370,,,
16.04,2.375,0.353,-0.009,6.760
16.05,2.375,,,
16.06,2.375,0.354,0.131,6.694
16.07,2.375,,,
16.08,2.375,0.358,0.263,6.329
16.09,2.375,,,
16.10,2.375,0.365,0.386,5.786
16.11,2.375,,,
16.12,2.375,0.374,0.497,5.048
16.13,2.375,,,
16.14,2.375,0.385,0.593,3.995
16.15,2.375,,,
16.16,2.375,0.398,0.664,2.595
16.17,2.375,,,
16.18,2.375,0.412,0.700,1.043
16.19,2.370,,,
16.20,2.375,0.426,0.703,-0.397
16.21,2.370,,,
16.22,2.375,0.441,0.680,-1.625
16.23,2.375,,,
16.24,2.375,0.454,0.636,-2.729
16.25,2.370,,,
16.26,2.370,0.466,0.571,-3.811
16.27,2.375,,,
16.28,2.370,0.477,0.483,-4.854
16.29,2.375,,,
16.30,2.375,0.486,0.375,-5.765
16.31,2.375,,,
16.32,2.375,0.492,0.247,-6.362
16.33,2.370,,,
16.34,2.375,0.496,0.114,-6.597
16.35,2.375,,,
16.36,2.375,0.497,-0.021,-6.555
16.37,2.375,,,
16.38,2.370,0.495,-0.152,-6.278
16.39,2.375,,,
16.40,2.375,0.491,-0.273,-5.926
16.41,2.370,,,
16.42,2.375,0.484,-0.389,-5.513
16.43,2.375,,,
16.44,2.370,0.475,-0.498,-4.823
16.45,2.375,,,
16.46,2.370,0.464,-0.588,-3.816
16.47,2.370,,,
16.48,2.370,0.451,-0.653,-2.633
16.49,2.375,,,
16.50,2.375,0.437,-0.694,-1.334
16.51,2.370,,,
16.52,2.375,0.423,-0.709,0.078
16.53,2.375,,,
16.54,2.370,0.408,-0.692,1.513
16.55,2.375,,,
16.56,2.375,0.395,-0.645,2.758
16.57,2.375,,,
16.58,2.375,0.382,-0.577,3.751
16.59,2.375,,,
16.60,2.375,0.371,-0.494,4.699
16.61,2.375,,,
16.62,2.375,0.362,-0.390,5.676
16.63,2.375,,,
16.64,2.375,0.355,-0.265,6.495
16.65,2.375,,,
16.66,0.966,0.351,-0.126,7.023
16.67,2.370,,,
16.68,2.375,0.350,0.023,7.135
16.69,2.370,,,
16.70,2.370,0.352,0.167,6.813
16.71,2.375,,,
16.72,2.370,0.357,0.298,6.294
16.73,2.375,,,
16.74,2.370,0.364,0.420,5.649
16.75,2.375,,,
16.76,2.375,0.374,0.528,4.788
16.77,2.370,,,
16.78,2.375,0.386,0.615,3.708
16.79,2.370,,,
16.80,2.375,0.399,0.680,2.420
16.81,2.375,,,
16.82,2.370,0.414,0.713,1.047
16.83,2.375,,,
16.84,2.375,0.428,0.722,-0.385
16.85,2.375,,,
16.86,2.375,0.443,0.700,-1.886
16.87,2.370,,,
16.88,2.375,0.457,0.643,-3.201
16.89,2.370,,,
16.90,2.375,0.469,0.568,-4.331
16.91,2.375,,,
16.92,2.370,0.480,0.468,-5.295
16.93,2.375,,,
16.94,2.370,0.488,0.351,-5.962
16.95,2.375,,,
16.96,2.375,0.494,0.226,-6.399
16.97,2.375,,,
16.98,2.375,0.497,0.091,-6.574
16.99,2.375,,,
17.00,2.370,0.497,-0.039,-6.595
17.01,2.375,,,
17.02,2.370,0.496,-0.173,-6.525
17.03,2.375,,,
17.04,2.375,0.490,-0.306,-6.140
17.05,2.370,,,
17.06,2.375,0.483,-0.424,-5.446
17.07,2.370,,,
17.08,2.375,0.473,-0.527,-4.507
17.09,2.370,,,
17.10,2.375,0.462,-0.607,-3.398
17.11,2.375,,,
17.12,2.370,0.449,-0.664,-2.213
17.13,2.375,,,
17.14,2.375,0.435,-0.697,-0.932
17.15,2.370,,,
17.16,2.375,0.420,-0.701,0.333
17.17,2.370,,,
17.18,2.375,0.406,-0.682,1.507
17.19,2.375,,,
17.20,2.370,0.393,-0.642,2.720
17.21,2.375,,,
17.22,2.375,0.380,-0.574,3.942
17.23,2.370,,,
17.24,2.370,0.369,-0.482,5.048
17.25,2.370,,,
17.26,2.375,0.361,-0.369,5.967
17.27,2.370,,,
17.28,2.375,0.354,-0.240,6.614
17.29,2.375,,,
17.30,0.992,0.351,-0.097,6.823
17.31,2.370,,,
17.32,2.370,0.351,0.042,6.564
17.33,2.375,,,
17.34,2.375,0.353,0.168,6.117
17.35,2.375,,,
17.36,2.375,0.357,0.284,5.733
17.37,2.375,,,
17.38,2.370,0.364,0.396,5.389
17.39,2.375,,,
17.40,2.370,0.373,0.504,4.816
17.41,2.375,,,
17.42,2.375,0.385,0.594,3.916
17.43,2.370,,,
17.44,2.375,0.397,0.666,2.691
17.45,2.370,,,
17.46,2.375,0.412,0.707,1.180
17.47,2.375,,,
17.48,2.370,0.426,0.713,-0.349
17.49,2.375,,,
17.50,2.370,0.441,0.690,-1.711
17.51,2.375,,,
17.52,2.375,0.454,0.641,-2.863
17.53,2.370,,,
17.54,2.375,0.467,0.572,-3.830
17.55,2.375,,,
17.56,2.375,0.477,0.489,-4.800
17.57,2.375,,,
17.58,2.370,0.487,0.382,-5.777
17.59,2.370,,,
17.60,2.375,0.493,0.252,-6.444
17.61,2.375,,,
17.62,2.375,0.497,0.116,-6.673
17.63,2.370,,,
17.64,2.375,0.498,-0.019,-6.613
17.65,2.375,,,
17.66,2.370,0.496,-0.151,-6.360
17.67,2.375,,,
17.68,2.375,0.491,-0.277,-5.904
17.69,2.370,,,
17.70,2.375,0.485,-0.389,-5.343
17.71,2.370,,,
17.72,2.375,0.476,-0.492,-4.680
17.73,2.370,,,
17.74,2.375,0.465,-0.580,-3.817
17.75,2.375,,,
17.76,2.370,0.452,-0.646,-2.817
17.77,2.375,,,
17.78,2.375,0.439,-0.695,-1.648
17.79,2.370,,,
17.80,2.375,0.424,-0.717,-0.248
17.81,2.375,,,
17.82,2.375,0.409,-0.706,1.251
17.83,2.370,,,
17.84,2.375,0.395,-0.666,2.683
17.85,2.375,,,
17.86,2.370,0.382,-0.595,3.914
17.87,2.370,,,
17.88,2.370,0.371,-0.504,4.891
17.89,2.375,,,
17.90,2.375,0.362,-0.398,5.746
17.91,2.370,,,
17.92,2.375,0.355,-0.273,6.466
17.93,2.375,,,
17.94,0.981,0.351,-0.135,6.926
17.95,2.375,,,
17.96,2.370,0.349,0.009,7.083
17.97,2.375,,,
17.98,2.375,0.351,0.152,6.961
17.99,2.370,,,
18.00,2.370,0.356,0.290,6.629
18.01,2.370,,,
18.02,2.375,0.363,0.423,5.954
18.03,2.375,,,
18.04,2.370,0.373,0.535,4.904
18.05,2.375,,,
18.06,2.370,0.385,0.620,3.735
18.07,2.375,,,
18.08,2.375,0.398,0.685,2.489
18.09,2.375,,,
18.10,2.370,0.413,0.723,1.109
18.11,2.370,,,
18.12,2.375,0.427,0.730,-0.315
18.13,2.375,,,
18.14,2.370,0.442,0.708,-1.684
18.15,2.375,,,
18.16,2.375,0.456,0.663,-3.027
18.17,2.370,,,
18.18,2.375,0.469,0.589,-4.395
18.19,2.370,,,
18.20,2.375,0.480,0.483,-5.520
18.21,2.375,,,
18.22,2.375,0.489,0.359,-6.126
18.23,2.375,,,
18.24,2.375,0.495,0.230,-6.316
18.25,2.375,,,
18.26,2.375,0.498,0.106,-6.459
18.27,2.370,,,
18.28,2.375,0.499,-0.024,-6.693
18.29,2.375,,,
18.30,2.375,0.497,-0.166,-6.659
18.31,2.375,,,
18.32,2.370,0.492,-0.299,-6.186
18.33,2.370,,,
18.34,2.370,0.485,-0.415,-5.542
18.35,2.375,,,
18.36,2.375,0.475,-0.523,-4.752
18.37,2.375,,,
18.38,2.375,0.464,-0.611,-3.692
18.39,2.375,,,
18.40,2.370,0.450,-0.673,-2.479
18.41,2.375,,,
18.42,2.375,0.436,-0.710,-1.221
18.43,2.375,,,
18.44,2.375,0.422,-0.724,0.146
18.45,2.375,,,
18.46,2.375,0.407,-0.707,1.625
18.47,2.370,,,
18.48,2.375,0.393,-0.655,2.933
18.49,2.375,,,
18.50,2.370,0.380,-0.584,3.975
18.51,2.375,,,
18.52,2.375,0.369,-0.496,4.958
18.53,2.370,,,
18.54,2.375,0.360,-0.386,5.880
18.55,2.370,,,
18.56,2.375,0.354,-0.258,6.602
18.57,2.370,,,
18.58,0.992,0.350,-0.117,7.062
18.59,2.370,,,
18.60,2.375,0.349,0.031,7.180
18.61,2.375,,,
18.62,2.375,0.351,0.174,7.003
18.63,2.375,,,
18.64,2.375,0.356,0.315,6.548
18.65,2.370,,,
18.66,2.375,0.364,0.442,5.759
18.67,2.375,,,
18.68,2.370,0.374,0.547,4.803
18.69,2.370,,,
18.70,2.370,0.386,0.636,3.706
18.71,2.375,,,
18.72,2.375,0.400,0.699,2.395
18.73,2.370,,,
18.74,2.375,0.414,0.734,0.945
18.75,2.370,,,
18.76,2.375,0.429,0.740,-0.623
18.77,2.375,,,
18.78,2.370,0.445,0.707,-2.088
18.79,2.375,,,
18.80,2.370,0.458,0.651,-3.279
18.81,2.375,,,
18.82,2.370,0.471,0.577,-4.441
18.83,2.375,,,
18.84,2.375,0.482,0.472,-5.503
18.85,2.370,,,
18.86,2.375,0.490,0.351,-6.237
18.87,2.375,,,
18.88,2.370,0.496,0.217,-6.625
18.89,2.375,,,
18.90,2.370,0.499,0.081,-6.725
18.91,2.375,,,
18.92,2.375,0.499,-0.053,-6.703
18.93,2.370,,,
18.94,2.375,0.497,-0.190,-6.484
18.95,2.370,,,
18.96,2.375,0.491,-0.316,-6.048
18.97,2.375,,,
18.98,2.375,0.484,-0.434,-5.469
18.99,2.370,,,
19.00,2.370,0.474,-0.540,-4.615
19.01,2.375,,,
19.02,2.375,0.462,-0.622,-3.560
19.03,2.370,,,
19.04,2.375,0.449,-0.683,-2.401
19.05,2.375,,,
19.06,2.370,0.434,-0.721,-1.079
19.07,2.375,,,
19.08,2.370,0.419,-0.729,0.380
19.09,2.375,,,
19.10,2.375,0.404,-0.703,1.745
19.11,2.375,,,
19.12,2.370,0.391,-0.656,2.935
19.13,2.370,,,
19.14,2.375,0.378,-0.587,4.136
19.15,2.375,,,
19.16,2.370,0.367,-0.490,5.283
19.17,2.375,,,
19.18,2.375,0.358,-0.372,6.214
19.19,2.370,,,
19.20,2.375,0.352,-0.238,6.907
19.21,2.370,,,
19.22,0.930,0.348,-0.090,7.245
19.23,2.375,,,
19.24,2.370,0.348,0.059,7.170
19.25,2.375,,,
19.26,2.375,0.351,0.200,6.883
19.27,2.375,,,
19.28,2.370,0.356,0.336,6.425
19.29,2.370,,,
19.30,2.375,0.364,0.461,5.692
19.31,2.375,,,
19.32,2.370,0.375,0.569,4.695
19.33,2.375,,,
19.34,2.375,0.388,0.651,3.539
19.35,2.375,,,
19.36,2.375,0.401,0.710,2.314
19.37,2.370,,,
19.38,2.375,0.416,0.749,0.850
19.39,2.370,,,
19.40,2.370,0.432,0.748,-0.789
19.41,2.375,,,
19.42,2.375,0.447,0.713,-2.257
19.43,2.375,,,
19.44,2.370,0.461,0.654,-3.502
19.45,2.375,,,
19.46,2.375,0.473,0.571,-4.566
19.47,2.375,,,
19.48,2.375,0.484,0.470,-5.496
19.49,2.370,,,
19.50,2.375,0.492,0.347,-6.172
19.51,2.375,,,
19.52,2.375,0.498,0.217,-6.503
19.53,2.375,,,
19.54,2.375,0.501,0.083,-6.629
19.55,2.375,,,
19.56,2.375,0.501,-0.050,-6.630
19.57,2.370,,,
19.58,2.375,0.499,-0.182,-6.573
19.59,2.375,,,
19.60,2.375,0.494,-0.318,-6.246
19.61,2.375,,,
19.62,2.375,0.486,-0.438,-5.599
19.63,2.375,,,
19.64,2.375,0.476,-0.544,-4.789
19.65,2.375,,,
19.66,2.375,0.464,-0.633,-3.751
19.67,2.370,,,
19.68,2.370,0.451,-0.696,-2.541
19.69,2.375,,,
19.70,2.375,0.436,-0.736,-1.211
19.71,2.375,,,
19.72,2.370,0.421,-0.747,0.247
19.73,2.375,,,
19.74,2.375,0.406,-0.727,1.722
19.75,2.370,,,
19.76,2.375,0.391,-0.677,3.098
19.77,2.370,,,
19.78,2.375,0.378,-0.599,4.268
19.79,2.370,,,
19.80,2.375,0.367,-0.502,5.205
19.81,2.375,,,
19.82,2.375,0.358,-0.390,6.064
19.83,2.375,,,
19.84,2.370,0.351,-0.258,6.780
19.85,2.375,,,
19.86,0.971,0.347,-0.112,7.040
19.87,2.370,,,
19.88,2.375,0.346,0.034,6.691
19.89,2.375,,,
19.90,2.370,0.349,0.168,5.727
19.91,2.375,,,
19.92,2.370,0.354,0.262,4.823
19.93,2.375,,,
19.94,2.370,0.359,0.345,4.662
19.95,2.375,,,
19.96,2.375,0.367,0.445,4.691
19.97,2.370,,,
19.98,2.375,0.377,0.541,4.313
19.99,2.375,,,
20.00,2.375,0.389,0.627,3.413
20.01,2.375,,,
20.02,2.375,0.403,0.684,2.108
20.03,2.370,,,
20.04,2.375,0.417,0.713,0.658
20.05,2.370,,,
20.06,2.375,0.432,0.710,-0.797
20.07,2.370,,,
20.08,2.375,0.446,0.680,-2.214
20.09,2.375,,,
20.10,2.375,0.459,0.621,-3.574
20.11,2.375,,,
20.12,2.375,0.471,0.533,-4.679
20.13,2.370,,,
20.14,2.375,0.481,0.428,-5.438
20.15,2.370,,,
20.16,2.370,0.488,0.312,-5.989
20.17,2.375,,,
20.18,2.370,0.494,0.186,-6.388
20.19,2.375,,,
20.20,2.375,0.496,0.054,-6.602
20.21,2.375,,,
20.22,2.375,0.496,-0.082,-6.557
20.23,2.370,,,
20.24,2.375,0.493,-0.213,-6.249
20.25,2.375,,,
20.26,2.370,0.487,-0.333,-5.810
20.27,2.375,,,
20.28,2.370,0.479,-0.448,-5.170
20.29,2.370,,,
20.30,2.370,0.469,-0.545,-4.242
20.31,2.375,,,
20.32,2.375,0.457,-0.620,-3.161
20.33,2.370,,,
20.34,2.375,0.444,-0.672,-1.997
20.35,2.375,,,
20.36,2.375,0.430,-0.702,-0.688
20.37,2.375,,,
20.38,2.370,0.415,-0.703,0.755
20.39,2.375,,,
20.40,2.375,0.401,-0.672,2.159
20.41,2.370,,,
20.42,2.375,0.388,-0.612,3.348
20.43,2.375,,,
20.44,2.375,0.376,-0.535,4.366
20.45,2.375,,,
20.46,2.370,0.366,-0.437,5.327
20.47,2.375,,,
20.48,2.370,0.359,-0.319,6.142
20.49,2.375,,,
20.50,0.926,0.353,-0.188,6.738
20.51,2.375,,,
20.52,2.375,0.351,-0.046,7.081
20.53,2.370,,,
20.54,2.375,0.351,0.100,7.099
20.55,2.375,,,
20.56,2.375,0.355,0.245,6.714
20.57,2.375,,,
20.58,2.375,0.361,0.375,5.977
20.59,2.370,,,
20.60,2.375,0.370,0.486,5.070
20.61,2.370,,,
20.62,2.375,0.381,0.579,4.038
20.63,2.375,,,
20.64,2.370,0.394,0.649,2.893
20.65,2.375,,,
20.66,2.375,0.407,0.696,1.659
20.67,2.375,,,
20.68,2.370,0.422,0.717,0.321
20.69,2.375,,,
20.70,2.380,0.437,0.711,-1.137
20.71,2.370,,,
20.72,2.375,0.451,0.672,-2.611
20.73,2.375,,,
20.74,2.370,0.464,0.604,-3.904
20.75,2.375,,,
20.76,2.370,0.475,0.512,-4.937
20.77,2.375,,,
20.78,2.375,0.485,0.403,-5.736
20.79,2.375,,,
20.80,2.375,0.492,0.280,-6.364
20.81,2.370,,,
20.82,2.370,0.496,0.142,-6.668
20.83,2.375,,,
20.84,2.370,0.497,0.008,-6.666
20.85,2.375,,,
20.86,2.370,0.496,-0.125,-6.555
20.87,2.375,,,
20.88,2.375,0.492,-0.256,-6.287
20.89,2.370,,,
20.90,2.370,0.486,-0.382,-5.729
20.91,2.375,,,
20.92,2.370,0.477,-0.491,-4.869
20.93,2.375,,,
20.94,2.370,0.466,-0.578,-3.857
20.95,2.375,,,
20.96,2.375,0.453,-0.647,-2.700
20.97,2.370,,,
20.98,2.375,0.440,-0.687,-1.498
20.99,2.370,,,
21.00,2.375,0.426,-0.706,-0.306
21.01,2.375,,,
21.02,2.370,0.411,-0.702,1.011
21.03,2.375,,,
21.04,2.370,0.397,-0.667,2.363
21.05,2.375,,,
21.06,2.375,0.384,-0.605,3.619
21.07,2.370,,,
21.08,2.375,0.373,-0.520,4.749
21.09,2.370,,,
21.10,2.375,0.363,-0.414,5.744
21.11,2.370,,,
21.12,2.370,0.356,-0.288,6.536
21.13,2.370,,,
21.14,0.976,0.351,-0.146,6.963
21.15,2.370,,,
21.16,2.375,0.350,-0.002,7.008
21.17,2.370,,,
21.18,2.375,0.351,0.137,6.871
21.19,2.370,,,
21.20,2.375,0.355,0.275,6.564
21.21,2.375,,,
21.22,2.370,0.362,0.404,5.966
21.23,2.375,,,
21.24,2.375,0.372,0.517,5.123
21.25,2.370,,,
21.26,2.375,0.383,0.611,4.102
21.27,2.370,,,
21.28,2.375,0.396,0.686,2.806
21.29,2.375,,,
21.30,2.375,0.411,0.729,1.221
21.31,2.375,,,
21.32,2.375,0.426,0.735,-0.357
21.33,2.375,,,
21.34,2.375,0.441,0.711,-1.736
21.35,2.370,,,
21.36,2.375,0.455,0.663,-2.971
21.37,2.370,,,
21.38,2.370,0.468,0.593,-4.201
21.39,2.375,,,
21.40,2.375,0.479,0.492,-5.257
21.41,2.375,,,
21.42,2.375,0.488,0.376,-5.966
21.43,2.375,,,
21.44,2.375,0.495,0.251,-6.478
21.45,2.375,,,
21.46,2.375,0.498,0.113,-6.727
21.47,2.370,,,
21.48,2.375,0.499,-0.022,-6.739
21.49,2.375,,,
21.50,2.370,0.497,-0.159,-6.579
21.51,2.375,,,
21.52,2.375,0.493,-0.291,-6.126
21.53,2.370,,,
21.54,2.375,0.485,-0.409,-5.412
21.55,2.375,,,
21.56,2.375,0.476,-0.507,-4.632
21.57,2.375,,,
21.58,2.375,0.465,-0.594,-3.786
21.59,2.375,,,
21.60,2.375,0.452,-0.663,-2.707
21.61,2.375,,,
21.62,2.370,0.438,-0.706,-1.444
21.63,2.370,,,
21.64,2.375,0.423,-0.723,-0.065
21.65,2.370,,,
21.66,2.375,0.409,-0.709,1.374
21.67,2.375,,,
21.68,2.370,0.394,-0.665,2.707
21.69,2.370,,,
21.70,2.375,0.382,-0.600,3.947
21.71,2.375,,,
21.72,2.370,0.370,-0.506,5.079
21.73,2.375,,,
21.74,2.375,0.361,-0.391,5.900
21.75,2.375,,,
21.76,2.370,0.354,-0.267,6.507
21.77,2.375,,,
21.78,0.981,0.350,-0.129,6.952
21.79,2.370,,,
21.80,2.375,0.349,0.016,7.124
21.81,2.370,,,
21.82,2.375,0.351,0.161,7.016
21.83,2.375,,,
21.84,2.375,0.355,0.300,6.626
21.85,2.380,,,
21.86,2.375,0.363,0.432,5.892
21.87,2.375,,,
21.88,2.375,0.373,0.541,4.853
21.89,2.370,,,
21.90,2.375,0.385,0.627,3.713
21.91,2.370,,,
21.92,2.375,0.398,0.691,2.488
21.93,2.370,,,
21.94,2.375,0.413,0.729,1.127
21.95,2.375,,,
21.96,2.370,0.428,0.737,-0.309
21.97,2.375,,,
21.98,2.370,0.443,0.715,-1.704
21.99,2.375,,,
22.00,2.375,0.457,0.669,-3.070
22.01,2.375,,,
22.02,2.375,0.470,0.591,-4.325
22.03,2.375,,,
22.04,2.375,0.481,0.490,-5.283
22.05,2.375,,,
22.06,2.370,0.490,0.376,-6.027
22.07,2.370,,,
22.08,2.375,0.496,0.249,-6.666
22.09,2.370,,,
22.10,2.375,0.500,0.104,-6.962
22.11,2.370,,,
22.12,2.375,0.500,-0.040,-6.728
22.13,2.375,,,
22.14,2.370,0.498,-0.165,-6.428
22.15,2.375,,,
22.16,2.375,0.494,-0.293,-6.219
22.17,2.370,,,
22.18,2.375,0.487,-0.420,-5.701
22.19,2.370,,,
22.20,2.375,0.477,-0.529,-4.814
22.21,2.375,,,
22.22,2.370,0.465,-0.615,-3.722
22.23,2.375,,,
22.24,2.375,0.452,-0.677,-2.596
22.25,2.375,,,
22.26,2.375,0.438,-0.720,-1.388
22.27,2.375,,,
22.28,2.375,0.423,-0.737,0.017
22.29,2.370,,,
22.30,2.375,0.408,-0.720,1.466
22.31,2.375,,,
22.32,2.375,0.393,-0.677,2.860
22.33,2.375,,,
22.34,2.370,0.380,-0.604,4.136
22.35,2.375,,,
22.36,2.375,0.369,-0.509,5.230
22.37,2.375,,,
22.38,2.370,0.360,-0.390,6.054
22.39,2.375,,,
22.40,2.370,0.353,-0.262,6.609
22.41,2.375,,,
22.42,0.971,0.349,-0.125,7.027
22.43,2.370,,,
22.44,2.380,0.348,0.023,7.231
22.45,2.375,,,
22.46,2.375,0.350,0.170,7.126
22.47,2.375,,,
22.48,2.375,0.355,0.312,6.726
22.49,2.370,,,
22.50,2.375,0.362,0.444,5.994
22.51,2.375,,,
22.52,2.370,0.373,0.558,4.925
22.53,2.375,,,
22.54,2.370,0.385,0.643,3.703
22.55,2.375,,,
22.56,2.375,0.399,0.707,2.384
22.57,2.375,,,
22.58,2.375,0.414,0.742,0.912
22.59,2.370,,,
22.60,2.375,0.429,0.744,-0.570
22.61,2.375,,,
22.62,2.370,0.444,0.716,-1.930
22.63,2.375,,,
22.64,2.370,0.458,0.664,-3.160
22.65,2.375,,,
22.66,2.375,0.471,0.590,-4.328
22.67,2.370,,,
22.68,2.375,0.482,0.490,-5.395
22.69,2.370,,,
22.70,2.375,0.491,0.367,-6.123
22.71,2.375,,,
22.72,2.370,0.497,0.243,-6.680
22.73,2.375,,,
22.74,2.375,0.501,0.098,-7.038
22.75,2.370,,,
22.76,2.370,0.501,-0.051,-6.770
22.77,2.370,,,
22.78,2.375,0.498,-0.177,-6.244
22.79,2.375,,,
22.80,2.370,0.494,-0.295,-5.918
22.81,2.375,,,
22.82,2.375,0.487,-0.413,-5.590
22.83,2.375,,,
22.84,2.375,0.477,-0.526,-4.902
22.85,2.370,,,
22.86,2.375,0.465,-0.616,-3.836
22.87,2.370,,,
22.88,2.370,0.452,-0.681,-2.613
22.89,2.375,,,
22.90,2.370,0.438,-0.721,-1.320
22.91,2.370,,,
22.92,2.375,0.423,-0.736,0.077
22.93,2.370,,,
22.94,2.375,0.408,-0.719,1.533
22.95,2.370,,,
22.96,2.375,0.394,-0.674,2.942
22.97,2.380,,,
22.98,2.375,0.380,-0.598,4.147
22.99,2.375,,,
23.00,2.375,0.369,-0.503,5.079
23.01,2.370,,,
23.02,2.375,0.360,-0.394,5.865
23.03,2.370,,,
23.04,2.370,0.353,-0.266,6.383
23.05,2.370,,,
23.06,0.951,0.349,-0.127,6.072
23.07,2.370,,,
23.08,2.375,0.348,0.002,4.371
23.09,2.375,,,
23.10,2.375,0.350,0.083,1.270
23.11,2.375,,,
23.12,2.375,0.354,0.029,-0.465
23.13,2.370,,,
23.14,2.375,0.351,-0.016,1.588
23.15,2.375,,,
23.16,2.370,0.351,0.076,4.685
23.17,2.375,,,
23.18,2.375,0.354,0.208,6.238
23.19,2.375,,,
23.20,2.375,0.359,0.349,6.408
23.21,2.375,,,
23.22,2.375,0.368,0.477,5.655
23.23,2.375,,,
23.24,2.370,0.379,0.580,4.501
23.25,2.370,,,
23.26,2.375,0.391,0.658,3.217
23.27,2.375,,,
23.28,2.375,0.405,0.711,1.800
23.29,2.375,,,
23.30,2.375,0.420,0.734,0.224
23.31,2.370,,,
23.32,2.375,0.435,0.719,-1.351
23.33,2.375,,,
23.34,2.370,0.449,0.679,-2.999
23.35,2.370,,,
23.36,2.375,0.463,0.608,-5.156
23.37,2.370,,,
23.38,2.375,0.474,0.487,-7.925
23.39,2.370,,,
23.40,2.375,0.484,0.290,-10.396
23.41,2.370,,,
23.42,2.375,0.487,0.030,-10.709
23.43,2.375,,,
23.44,2.370,0.484,-0.182,-8.730
23.45,2.375,,,
23.46,2.370,0.479,-0.322,-6.356
23.47,2.375,,,
23.48,2.375,0.471,-0.421,-4.631
23.49,2.375,,,
23.50,2.375,0.461,-0.496,-3.525
23.51,2.375,,,
23.52,2.370,0.451,-0.560,-2.595
23.53,2.375,,,
23.54,2.375,0.439,-0.603,-1.524
23.55,2.375,,,
23.56,2.375,0.426,-0.623,-0.324
23.57,2.370,,,
23.58,2.375,0.413,-0.617,0.954
23.59,2.375,,,
23.60,2.370,0.401,-0.585,2.211
23.61,2.375,,,
23.62,2.375,0.390,-0.526,3.314
23.63,2.375,,,
23.64,2.375,0.380,-0.447,4.117
23.65,2.375,,,
23.66,2.375,0.372,-0.358,4.719
23.67,2.370,,,
23.68,2.375,0.365,-0.260,5.355
23.69,2.370,,,
23.70,0.971,0.361,-0.143,5.921
23.71,2.370,,,
23.72,2.375,0.359,-0.017,6.192
23.73,2.375,,,
23.74,2.370,0.360,0.109,6.160
23.75,2.375,,,
23.76,2.370,0.364,0.233,5.848
23.77,2.375,,,
23.78,2.375,0.370,0.348,5.234
23.79,2.375,,,
23.80,2.375,0.378,0.446,4.389
23.81,2.375,,,
23.82,2.370,0.388,0.525,3.450
23.83,2.375,,,
23.84,2.370,0.399,0.585,2.455
23.85,2.375,,,
23.86,2.375,0.411,0.625,1.350
23.87,2.370,,,
23.88,2.375,0.424,0.642,0.084
23.89,2.375,,,
23.90,2.375,0.438,0.630,-1.273
23.91,2.370,,,
23.92,2.375,0.450,0.587,-2.476
23.93,2.375,,,
23.94,2.375,0.461,0.528,-3.503
23.95,2.375,,,
23.96,2.375,0.472,0.448,-4.511
23.97,2.370,,,
23.98,2.375,0.480,0.344,-5.326
23.99,2.375,,,
24.00,2.370,0.486,0.229,-5.791
24.01,2.375,,,
24.02,2.370,0.489,0.108,-5.988
24.03,2.375,,,
24.04,2.370,0.490,-0.014,-5.954
24.05,2.375,,,
24.06,2.370,0.488,-0.132,-5.778
24.07,2.370,,,
24.08,2.375,0.485,-0.245,-5.568
24.09,2.375,,,
24.10,2.375,0.478,-0.358,-5.156
24.11,2.375,,,
24.12,2.375,0.470,-0.457,-4.408
24.13,2.375,,,
24.14,2.370,0.460,-0.538,-3.438
24.15,2.375,,,
24.16,2.375,0.448,-0.596,-2.343
24.17,2.370,,,
24.18,2.375,0.436,-0.634,-1.129
24.19,2.375,,,
24.20,2.370,0.422,-0.643,0.153
24.21,2.375,,,
24.22,2.375,0.409,-0.625,1.314
24.23,2.375,,,
24.24,2.375,0.397,-0.588,2.356
24.25,2.370,,,
24.26,2.375,0.386,-0.531,3.406
24.27,2.375,,,
24.28,2.375,0.376,-0.451,4.405
24.29,2.375,,,
24.30,2.370,0.367,-0.353,5.274
24.31,2.375,,,
24.32,2.375,0.361,-0.238,5.967
24.33,2.370,,,
24.34,0.971,0.358,-0.110,6.400
24.35,2.370,,,
24.36,2.370,0.357,0.025,6.435
24.37,2.375,,,
24.38,2.370,0.359,0.153,6.129
24.39,2.370,,,
24.40,2.375,0.363,0.271,5.722
24.41,2.375,,,
24.42,2.375,0.370,0.384,5.171
24.43,2.370,,,
24.44,2.375,0.378,0.483,4.357
24.45,2.375,,,
24.46,2.370,0.389,0.561,3.361
24.47,2.375,,,
24.48,2.375,0.401,0.617,2.293
24.49,2.375,,,
24.50,2.375,0.414,0.656,1.059
24.51,2.370,,,
24.52,2.375,0.428,0.664,-0.352
24.53,2.370,,,
24.54,2.375,0.441,0.639,-1.662
24.55,2.370,,,
24.56,2.375,0.454,0.594,-2.801
24.57,2.370,,,
24.58,2.370,0.465,0.527,-3.865
24.59,2.375,,,
24.60,2.370,0.475,0.437,-4.805
24.61,2.375,,,
24.62,2.375,0.483,0.330,-5.501
24.63,2.370,,,
24.64,2.375,0.489,0.212,-5.916
24.65,2.375,,,
24.66,2.370,0.492,0.091,-6.145
24.67,2.375,,,
24.68,2.370,0.492,-0.036,-6.207
24.69,2.375,,,
24.70,2.370,0.490,-0.161,-6.038
24.71,2.370,,,
24.72,2.375,0.486,-0.281,-5.647
24.73,2.370,,,
24.74,2.375,0.479,-0.392,-4.997
24.75,2.375,,,
24.76,2.370,0.470,-0.483,-4.197
24.77,2.375,,,
24.78,2.375,0.459,-0.559,-3.362
24.79,2.370,,,
24.80,2.375,0.447,-0.620,-2.359
24.81,2.370,,,
24.82,2.375,0.434,-0.657,-1.146
24.83,2.375,,,
24.84,2.370,0.421,-0.668,0.189
24.85,2.375,,,
24.86,2.375,0.407,-0.650,1.538
24.87,2.375,,,
24.88,2.375,0.394,-0.605,2.784
24.89,2.370,,,
24.90,2.375,0.382,-0.536,3.859
24.91,2.370,,,
24.92,2.375,0.372,-0.446,4.714
24.93,2.375,,,
24.94,2.370,0.364,-0.345,5.412
24.95,2.375,,,
24.96,2.370,0.358,-0.231,6.096
24.97,2.375,,,
24.98,0.976,0.355,-0.099,6.678
24.99,2.370,,,
25.00,2.370,0.354,0.041,6.941
25.01,2.375,,,
25.02,2.370,0.356,0.185,6.718
25.03,2.375,,,
25.04,2.370,0.362,0.331,5.491
25.05,2.375,,,
25.06,2.375,0.371,0.408,4.111
25.07,2.375,,,
25.08,2.370,0.378,0.469,3.836
25.09,2.370,,,
25.10,2.375,0.389,0.562,3.563
25.11,2.370,,,
25.12,2.375,0.401,0.628,2.600
25.13,2.375,,,
25.14,2.370,0.415,0.671,1.290
25.15,2.370,,,
25.16,2.375,0.428,0.682,-0.219
25.17,2.375,,,
25.18,2.375,0.442,0.661,-1.674
25.19,2.370,,,
25.20,2.370,0.455,0.612,-2.975
25.21,2.375,,,
25.22,2.370,0.467,0.540,-4.108
25.23,2.375,,,
25.24,2.370,0.477,0.445,-5.055
25.25,2.375,,,
25.26,2.375,0.485,0.333,-5.714
25.27,2.370,,,
25.28,2.375,0.491,0.212,-6.084
25.29,2.375,,,
25.30,2.375,0.494,0.084,-6.168
25.31,2.375,,,
25.32,2.370,0.494,-0.036,-6.148
25.33,2.375,,,
25.34,2.375,0.492,-0.159,-6.169
25.35,2.375,,,
25.36,2.370,0.488,-0.288,-5.919
25.37,2.370,,,
25.38,2.375,0.481,-0.403,-5.314
25.39,2.370,,,
25.40,2.375,0.471,-0.504,-4.463
25.41,2.375,,,
25.42,2.370,0.460,-0.585,-3.366
25.43,2.375,,,
25.44,2.375,0.448,-0.641,-2.150
25.45,2.375,,,
25.46,2.375,0.434,-0.670,-0.966
25.47,2.370,,,
25.48,2.375,0.420,-0.678,0.184
25.49,2.370,,,
25.50,2.375,0.407,-0.665,1.413
25.51,2.375,,,
25.52,2.375,0.393,-0.623,2.684
25.53,2.375,,,
25.54,2.375,0.381,-0.556,3.886
25.55,2.370,,,
25.56,2.375,0.371,-0.466,4.991
25.57,2.380,,,
25.58,2.375,0.362,-0.354,5.932
25.59,2.375,,,
25.60,2.370,0.356,-0.222,6.487
25.61,2.370,,,
25.62,0.971,0.354,-0.086,6.589
25.63,2.370,,,
25.64,2.370,0.353,0.043,6.557
25.65,2.370,,,
25.66,2.375,0.355,0.175,6.498
25.67,2.370,,,
25.68,2.375,0.360,0.306,6.215
25.69,2.375,,,
25.70,2.370,0.367,0.431,5.559
25.71,2.375,,,
25.72,2.375,0.378,0.534,4.575
25.73,2.375,,,
25.74,2.375,0.389,0.616,3.393
25.75,2.375,,,
25.76,2.375,0.403,0.674,1.994
25.77,2.370,,,
25.78,2.375,0.417,0.697,0.546
25.79,2.375,,,
25.80,2.375,0.431,0.693,-0.789
25.81,2.375,,,
25.82,2.375,0.445,0.663,-2.003
25.83,2.375,,,
25.84,2.375,0.458,0.611,-3.104
25.85,2.375,,,
25.86,2.375,0.470,0.538,-4.129
25.87,2.375,,,
25.88,2.370,0.480,0.445,-5.084
25.89,2.375,,,
25.90,2.375,0.488,0.333,-5.913
25.91,2.375,,,
25.92,2.375,0.493,0.204,-6.465
25.93,2.370,,,
25.94,2.375,0.496,0.069,-6.667
25.95,2.375,,,
25.96,2.370,0.496,-0.068,-6.554
25.97,2.370,,,
25.98,2.375,0.493,-0.199,-6.138
25.99,2.375,,,
26.00,2.375,0.488,-0.314,-5.626
26.01,2.370,,,
26.02,2.375,0.481,-0.422,-5.129
26.03,2.370,,,
26.04,2.375,0.471,-0.524,-4.399
26.05,2.370,,,
26.06,2.375,0.459,-0.603,-3.404
26.07,2.375,,,
26.08,2.370,0.446,-0.661,-2.272
26.09,2.375,,,
26.10,2.370,0.432,-0.697,-0.954
26.11,2.370,,,
26.12,2.375,0.418,-0.703,0.520
26.13,2.375,,,
26.14,2.375,0.404,-0.675,1.933
26.15,2.375,,,
26.16,2.370,0.391,-0.622,3.157
26.17,2.375,,,
26.18,2.375,0.379,-0.545,4.163
26.19,2.370,,,
26.20,2.375,0.369,-0.453,4.995
26.21,2.370,,,
26.22,2.375,0.360,-0.346,5.765
26.23,2.375,,,
26.24,2.375,0.354,-0.218,6.223
26.25,2.375,,,
26.26,0.946,0.351,-0.085,5.991
26.27,2.370,,,
26.28,2.375,0.351,0.038,4.999
26.29,2.370,,,
26.30,2.375,0.354,0.116,4.031
26.31,2.370,,,
26.32,2.375,0.356,0.176,4.125
26.33,2.375,,,
26.34,2.370,0.360,0.269,4.822
26.35,2.375,,,
26.36,2.375,0.367,0.379,5.074
26.37,2.375,,,
26.38,2.375,0.375,0.485,4.645
26.39,2.370,,,
26.40,2.375,0.386,0.572,3.759
26.41,2.375,,,
26.42,2.375,0.399,0.638,2.635
26.43,2.370,,,
26.44,2.375,0.412,0.681,1.287
26.45,2.375,,,
26.46,2.375,0.426,0.692,-0.207
26.47,2.375,,,
26.48,2.375,0.440,0.671,-1.620
26.49,2.375,,,
26.50,2.375,0.454,0.625,-2.904
26.51,2.375,,,
26.52,2.370,0.466,0.553,-4.048
26.53,2.375,,,
26.54,2.375,0.476,0.459,-4.962
26.55,2.370,,,
26.56,2.370,0.484,0.352,-5.714
26.57,2.375,,,
26.58,2.375,0.491,0.228,-6.272
26.59,2.370,,,
26.60,2.375,0.493,0.094,-6.440
26.61,2.370,,,
26.62,2.375,0.494,-0.032,-6.455
26.63,2.375,,,
26.64,2.375,0.492,-0.165,-6.370
26.65,2.375,,,
26.66,2.375,0.487,-0.293,-5.920
26.67,2.370,,,
26.68,2.375,0.480,-0.406,-5.216
26.69,2.370,,,
26.70,2.375,0.471,-0.504,-4.364
26.71,2.375,,,
26.72,2.370,0.460,-0.583,-3.352
26.73,2.375,,,
26.74,2.370,0.447,-0.638,-2.302
26.75,2.375,,,
26.76,2.375,0.434,-0.675,-1.197
26.77,2.375,,,
26.78,2.375,0.420,-0.690,0.103
26.79,2.370,,,
26.80,2.370,0.406,-0.674,1.523
26.81,2.375,,,
26.82,2.375,0.392,-0.628,2.912
26.83,2.375,,,
26.84,2.375,0.380,-0.554,4.136
26.85,2.375,,,
26.86,2.375,0.370,-0.459,5.113
26.87,2.375,,,
26.88,2.375,0.362,-0.346,5.831
26.89,2.370,,,
26.90,0.956,0.356,-0.222,6.355
26.91,2.375,,,
26.92,2.370,0.353,-0.089,6.711
26.93,2.375,,,
26.94,2.375,0.352,0.050,6.840
26.95,2.370,,,
26.96,2.375,0.355,0.188,6.719
26.97,2.370,,,
26.98,2.375,0.360,0.322,6.330
26.99,2.375,,,
27.00,2.370,0.368,0.446,5.646
27.01,2.375,,,
27.02,2.375,0.378,0.553,4.656
27.03,2.370,,,
27.04,2.375,0.390,0.638,3.347
27.05,2.370,,,
27.06,2.375,0.404,0.691,1.832
27.07,2.375,,,
27.08,2.370,0.418,0.710,0.357
27.09,2.375,,,
27.10,2.375,0.433,0.702,-0.981
27.11,2.375,,,
27.12,2.375,0.447,0.670,-2.250
27.13,2.370,,,
27.14,2.375,0.460,0.611,-3.431
27.15,2.375,,,
27.16,2.370,0.472,0.529,-4.400
27.17,2.370,,,
27.18,2.370,0.482,0.435,-5.313
27.19,2.375,,,
27.20,2.370,0.490,0.314,-6.068
27.21,2.375,,,
27.22,2.370,0.494,0.186,-6.496
27.23,2.375,,,
27.24,2.375,0.497,0.053,-6.783
27.25,2.370,,,
27.26,2.375,0.497,-0.090,-6.749
27.27,2.375,,,
27.28,2.380,0.493,-0.225,-6.292
27.29,2.375,,,
27.30,2.375,0.487,-0.344,-5.675
27.31,2.375,,,
27.32,2.375,0.479,-0.452,-4.984
27.33,2.370,,,
27.34,2.375,0.469,-0.545,-4.172
27.35,2.370,,,
27.36,2.375,0.457,-0.620,-3.259
27.37,2.375,,,
27.38,2.375,0.444,-0.680,-2.115
27.39,2.375,,,
27.40,2.375,0.430,-0.710,-0.687
27.41,2.375,,,
27.42,2.375,0.415,-0.708,0.825
27.43,2.370,,,
27.44,2.375,0.401,-0.676,2.254
27.45,2.375,,,
27.46,2.370,0.387,-0.614,3.460
27.47,2.375,,,
27.48,2.370,0.376,-0.533,4.429
27.49,2.375,,,
27.50,2.375,0.366,-0.436,5.313
27.51,2.370,,,
27.52,2.375,0.358,-0.320,6.124
27.53,2.375,,,
27.54,0.966,0.353,-0.188,6.732
27.55,2.375,,,
27.56,2.375,0.350,-0.046,7.077
27.57,2.375,,,
27.58,2.375,0.351,0.101,7.068
27.59,2.370,,,
27.60,2.375,0.355,0.241,6.750
27.61,2.375,,,
27.62,2.375,0.361,0.375,6.162
27.63,2.375,,,
27.64,2.375,0.370,0.493,5.239
27.65,2.375,,,
27.66,2.375,0.381,0.587,4.138
27.67,2.370,,,
27.68,2.370,0.394,0.660,2.946
27.69,2.370,,,
27.70,2.375,0.408,0.707,1.649
27.71,2.370,,,
27.72,2.375,0.422,0.727,0.275
27.73,2.375,,,
27.74,2.370,0.437,0.720,-1.207
27.75,2.370,,,
27.76,2.375,0.452,0.679,-2.693
27.77,2.375,,,
27.78,2.375,0.465,0.609,-3.991
27.79,2.370,,,
27.80,2.375,0.476,0.515,-5.036
27.81,2.370,,,
27.82,2.375,0.486,0.403,-5.831
27.83,2.375,,,
27.84,2.375,0.493,0.279,-6.424
27.85,2.375,,,
27.86,2.375,0.497,0.140,-6.661
27.87,2.375,,,
27.88,2.375,0.498,0.008,-6.605
27.89,2.375,,,
27.90,2.375,0.497,-0.123,-6.524
27.91,2.375,,,
27.92,2.370,0.493,-0.257,-6.221
27.93,2.375,,,
27.94,2.370,0.487,-0.377,-5.650
27.95,2.375,,,
27.96,2.370,0.478,-0.485,-4.930
27.97,2.375,,,
27.98,2.375,0.467,-0.578,-3.990
27.99,2.370,,,
28.00,2.375,0.455,-0.648,-2.829
28.01,2.370,,,
28.02,2.375,0.441,-0.692,-1.570
28.03,2.375,,,
28.04,2.375,0.427,-0.712,-0.226
28.05,2.375,,,
28.06,2.375,0.412,-0.703,1.190
28.07,2.370,,,
28.08,2.375,0.398,-0.662,2.458
28.09,2.375,,,
28.10,2.375,0.385,-0.601,3.564
28.11,2.375,,,
28.12,2.375,0.373,-0.519,4.621
28.13,2.375,,,
28.14,2.375,0.364,-0.415,5.565
28.15,2.370,,,
28.16,2.375,0.357,-0.293,6.328
28.17,2.370,,,
28.18,0.966,0.352,-0.159,6.883
28.19,2.370,,,
28.20,2.375,0.350,-0.014,7.178
28.21,2.375,,,
28.22,2.375,0.351,0.136,7.054
28.23,2.370,,,
28.24,2.375,0.356,0.275,6.523
28.25,2.370,,,
28.26,2.375,0.363,0.398,5.832
28.27,2.370,,,
28.28,2.370,0.372,0.509,5.028
28.29,2.375,,,
28.30,2.370,0.383,0.602,4.033
28.31,2.375,,,
28.32,2.375,0.396,0.675,2.782
28.33,2.370,,,
28.34,2.375,0.411,0.718,1.305
28.35,2.370,,,
28.36,2.375,0.425,0.728,-0.236
28.37,2.375,,,
28.38,2.370,0.440,0.707,-1.698
28.39,2.375,,,
28.40,2.370,0.454,0.657,-2.951
28.41,2.375,,,
28.42,2.375,0.467,0.586,-4.019
28.43,2.370,,,
28.44,2.375,0.478,0.494,-4.974
28.45,2.375,,,
28.46,2.375,0.487,0.386,-5.846
28.47,2.375,,,
28.48,2.375,0.494,0.258,-6.540
28.49,2.375,,,
28.50,2.375,0.498,0.115,-6.760
28.51,2.375,,,
28.52,2.375,0.498,-0.017,-6.676
28.53,2.370,,,
28.54,2.375,0.497,-0.149,-6.608
28.55,2.370,,,
28.56,2.370,0.492,-0.286,-6.265
28.57,2.370,,,
28.58,2.375,0.485,-0.407,-5.542
28.59,2.375,,,
28.60,2.375,0.476,-0.511,-4.643
28.61,2.370,,,
28.62,2.375,0.464,-0.593,-3.680
28.63,2.375,,,
28.64,2.375,0.452,-0.657,-2.692
28.65,2.375,,,
28.66,2.370,0.438,-0.705,-1.507
28.67,2.375,,,
28.68,2.370,0.423,-0.723,-0.089
28.69,2.375,,,
28.70,2.375,0.408,-0.708,1.344
28.71,2.370,,,
28.72,2.375,0.394,-0.666,2.675
28.73,2.370,,,
28.74,2.375,0.381,-0.600,3.925
28.75,2.375,,,
28.76,2.370,0.370,-0.508,5.069
28.77,2.370,,,
28.78,2.375,0.361,-0.394,6.006
28.79,2.375,,,
28.80,2.370,0.354,-0.262,6.609
28.81,2.370,,,
28.82,0.966,0.350,-0.125,6.901
28.83,2.370,,,
28.84,2.370,0.349,0.017,6.981
28.85,2.375,,,
28.86,2.370,0.351,0.159,6.785
28.87,2.370,,,
28.88,2.370,0.355,0.292,6.354
28.89,2.375,,,
28.90,2.375,0.363,0.415,5.801
28.91,2.375,,,
28.92,2.370,0.372,0.527,5.035
28.93,2.375,,,
28.94,2.375,0.384,0.623,3.910
28.95,2.375,,,
28.96,2.375,0.398,0.688,2.525
28.97,2.375,,,
28.98,2.375,0.412,0.724,1.100
28.99,2.370,,,
29.00,2.375,0.427,0.732,-0.342
29.01,2.370,,,
29.02,2.370,0.442,0.709,-1.721
29.03,2.370,,,
29.04,2.375,0.456,0.660,-2.930
29.05,2.375,,,
29.06,2.370,0.468,0.590,-4.030
29.07,2.375,,,
29.08,2.370,0.480,0.499,-5.100
29.09,2.375,,,
29.10,2.375,0.489,0.384,-6.047
29.11,2.370,,,
29.12,2.375,0.495,0.251,-6.634
29.13,2.375,,,
29.14,2.370,0.499,0.114,-6.888
29.15,2.375,,,
29.16,2.370,0.500,-0.030,-6.804
29.17,2.370,,,
29.18,2.375,0.497,-0.164,-6.413
29.19,2.375,,,
29.20,2.375,0.493,-0.284,-6.082
29.21,2.375,,,
29.22,2.375,0.486,-0.407,-5.679
29.23,2.375,,,
29.24,2.370,0.477,-0.519,-4.892
29.25,2.375,,,
29.26,2.370,0.465,-0.608,-3.823
29.27,2.375,,,
29.28,2.375,0.452,-0.673,-2.615
29.29,2.375,,,
29.30,2.375,0.438,-0.715,-1.268
29.31,2.375,,,
29.32,2.370,0.423,-0.726,0.185
29.33,2.375,,,
29.34,2.370,0.408,-0.707,1.589
29.35,2.375,,,
29.36,2.375,0.394,-0.659,2.821
29.37,2.375,,,
29.38,2.375,0.382,-0.590,3.866
29.39,2.370,,,
29.40,2.375,0.370,-0.504,4.870
29.41,2.375,,,
29.42,2.370,0.361,-0.395,5.801
29.43,2.375,,,
29.44,2.370,0.354,-0.269,6.541
29.45,2.375,,,
29.46,0.961,0.350,-0.130,7.045
29.47,2.370,,,
29.48,2.370,0.349,0.017,7.238
29.49,2.370,,,
29.50,2.370,0.351,0.167,7.036
29.51,2.375,,,
29.52,2.370,0.356,0.305,6.491
29.53,2.375,,,
29.54,2.370,0.363,0.428,5.769
29.55,2.375,,,
29.56,2.375,0.373,0.538,4.856
29.57,2.375,,,
29.58,2.375,0.385,0.626,3.765
29.59,2.375,,,
29.60,2.375,0.399,0.691,2.516
29.61,2.375,,,
29.62,2.370,0.413,0.729,1.091
29.63,2.375,,,
29.64,2.375,0.428,0.736,-0.406
29.65,2.370,,,
29.66,2.375,0.443,0.713,-1.893
29.67,2.370,,,
29.68,2.375,0.457,0.659,-3.300
29.69,2.375,,,
29.70,2.370,0.470,0.577,-4.476
29.71,2.375,,,
29.72,2.375,0.481,0.476,-5.405
29.73,2.370,,,
29.74,2.375,0.489,0.357,-6.092
29.75,2.375,,,
29.76,2.375,0.495,0.226,-6.412
29.77,2.375,,,
29.78,2.375,0.498,0.096,-6.487
29.79,2.375,,,
29.80,2.370,0.499,-0.031,-6.622
29.81,2.375,,,
29.82,2.375,0.497,-0.169,-6.690
29.83,2.370,,,
29.84,2.375,0.492,-0.307,-6.323
29.85,2.370,,,
29.86,2.375,0.485,-0.428,-5.590
29.87,2.375,,,
29.88,2.370,0.475,-0.533,-4.661
29.89,2.375,,,
29.90,2.380,0.463,-0.617,-3.548
29.91,2.375,,,
29.92,2.375,0.450,-0.676,-2.333
29.93,2.370,,,
29.94,2.370,0.436,-0.712,-1.042
29.95,2.370,,,
29.96,2.375,0.421,-0.718,0.269
29.97,2.375,,,
29.98,2.370,0.406,-0.700,1.522
29.99,2.375,,,
30.00,2.370,0.392,-0.658,2.813
30.01,2.375,,,
30.02,2.375,0.380,-0.586,4.057
30.03,2.375,,,
30.04,2.375,0.369,-0.495,5.187
30.05,2.370,,,
30.06,2.370,0.359,-0.377,6.139
30.07,2.375,,,
30.08,2.370,0.353,-0.242,6.688
30.09,2.375,,,
30.10,0.986,0.350,-0.105,6.968
30.11,2.375,,,
30.12,2.375,0.349,0.039,7.082
30.13,2.370,,,
30.14,2.375,0.351,0.183,6.924
30.15,2.375,,,
30.16,2.370,0.356,0.320,6.494
30.17,2.375,,,
30.18,2.370,0.364,0.447,5.797
30.19,2.375,,,
30.20,2.370,0.375,0.556,4.837
30.21,2.375,,,
30.22,2.375,0.387,0.645,3.596
30.23,2.375,,,
30.24,2.375,0.401,0.704,2.138
30.25,2.375,,,
30.26,2.375,0.415,0.730,0.667
30.27,2.375,,,
30.28,2.370,0.430,0.730,-0.761
30.29,2.370,,,
30.30,2.375,0.445,0.699,-2.130
30.31,2.370,,,
30.32,2.375,0.459,0.642,-3.340
30.33,2.375,,,
30.34,2.375,0.471,0.562,-4.340
30.35,2.375,,,
30.36,2.370,0.482,0.465,-5.159
30.37,2.375,,,
30.38,2.375,0.490,0.355,-5.939
30.39,2.375,,,
30.40,2.375,0.496,0.231,-6.808
30.41,2.375,,,
30.42,2.375,0.500,0.080,-7.442
30.43,2.375,,,
30.44,2.375,0.500,-0.083,-7.253
30.45,2.375,,,
30.46,2.370,0.496,-0.223,-6.391
30.47,2.375,,,
30.48,2.370,0.490,-0.335,-5.589
30.49,2.370,,,
30.50,2.375,0.482,-0.440,-5.032
30.51,2.375,,,
30.52,2.370,0.472,-0.539,-4.358
30.53,2.375,,,
30.54,2.370,0.461,-0.620,-3.399
30.55,2.375,,,
30.56,2.370,0.447,-0.678,-2.228
30.57,2.370,,,
30.58,2.375,0.433,-0.712,-0.897
30.59,2.370,,,
30.60,2.375,0.418,-0.716,0.516
30.61,2.375,,,
30.62,2.370,0.404,-0.690,1.884
30.63,2.375,,,
30.64,2.370,0.390,-0.639,3.168
30.65,2.375,,,
30.66,2.370,0.378,-0.563,4.380
30.67,2.370,,,
30.68,2.375,0.367,-0.459,5.345
30.69,2.370,,,
30.70,2.375,0.359,-0.343,5.990
30.71,2.370,,,
30.72,2.375,0.354,-0.219,6.503
30.73,2.370,,,
30.74,0.966,0.350,-0.082,6.902
30.75,2.375,,,
30.76,2.375,0.350,0.061,7.060
30.77,2.370,,,
30.78,2.375,0.353,0.205,6.920
30.79,2.370,,,
30.80,2.375,0.358,0.345,6.383
30.81,2.375,,,
30.82,2.370,0.367,0.467,5.483
30.83,2.370,,,
30.84,2.370,0.377,0.566,4.417
30.85,2.370,,,
30.86,2.375,0.390,0.645,3.234
30.87,2.370,,,
30.88,2.375,0.404,0.696,2.131
30.89,2.370,,,
30.90,,0.418,0.723,1.366
30.92,,0.433,0.737,0.921
